drop table product CASCADE CONSTRAINTS PURGE;

--------------------------------------------------------
--  파일이 생성됨 - 금요일-4월-22-2016   
--------------------------------------------------------
--------------------------------------------------------
--  DDL for Table BOARD4
--------------------------------------------------------

  CREATE TABLE "SCOTT"."BOARD4" 
   (	"BOARDNUM" NUMBER(*,0), 
	"ANINUM" NUMBER(*,0), 
	"ID" VARCHAR2(20 BYTE), 
	"SUBJECT" VARCHAR2(50 BYTE), 
	"CONTENT" VARCHAR2(500 BYTE), 
	"READCOUNT" NUMBER(*,0), 
	"REF" NUMBER(*,0), 
	"RE_STEP" NUMBER(*,0), 
	"RE_LEVEL" NUMBER(*,0), 
	"WRITEDATE" DATE, 
	"DELCHK" CHAR(2 BYTE), 
	"NOTICECHK" CHAR(2 BYTE)
   ) SEGMENT CREATION IMMEDIATE 
  PCTFREE 10 PCTUSED 40 INITRANS 1 MAXTRANS 255 NOCOMPRESS LOGGING
  STORAGE(INITIAL 65536 NEXT 1048576 MINEXTENTS 1 MAXEXTENTS 2147483645
  PCTINCREASE 0 FREELISTS 1 FREELIST GROUPS 1 BUFFER_POOL DEFAULT FLASH_CACHE DEFAULT CELL_FLASH_CACHE DEFAULT)
  TABLESPACE "SYSTEM" ;
--------------------------------------------------------
--  DDL for Table ANIOWN
--------------------------------------------------------

  CREATE TABLE "SCOTT"."ANIOWN" 
   (	"OWNNUM" NUMBER(*,0), 
	"ID" VARCHAR2(20 BYTE), 
	"ANINUM" NUMBER(*,0), 
	"NOWSTAT1" NUMBER(*,0), 
	"NOWSTAT2" NUMBER(*,0), 
	"LEADCHK" CHAR(2 BYTE), 
	"ANIOWNCHK" CHAR(2 BYTE), 
	"ANINAMING" VARCHAR2(20 BYTE)
   ) SEGMENT CREATION IMMEDIATE 
  PCTFREE 10 PCTUSED 40 INITRANS 1 MAXTRANS 255 NOCOMPRESS LOGGING
  STORAGE(INITIAL 65536 NEXT 1048576 MINEXTENTS 1 MAXEXTENTS 2147483645
  PCTINCREASE 0 FREELISTS 1 FREELIST GROUPS 1 BUFFER_POOL DEFAULT FLASH_CACHE DEFAULT CELL_FLASH_CACHE DEFAULT)
  TABLESPACE "SYSTEM" ;
--------------------------------------------------------
--  DDL for Table ANIINFO
--------------------------------------------------------

  CREATE TABLE "SCOTT"."ANIINFO" 
   (	"ANINUM" NUMBER(*,0), 
	"ANINAME1" VARCHAR2(15 BYTE), 
	"ANINAME2" VARCHAR2(15 BYTE), 
	"ANIPIC1" VARCHAR2(50 BYTE), 
	"ANIPIC2" VARCHAR2(50 BYTE), 
	"ANIHELLO1" VARCHAR2(30 BYTE), 
	"ANIHELLO2" VARCHAR2(30 BYTE), 
	"ANIHELLO3" VARCHAR2(30 BYTE), 
	"ANIMAXSTAT1" NUMBER(*,0), 
	"ANIMAXSTAT2" NUMBER(*,0), 
	"ANIPRICE" NUMBER(*,0), 
	"SPECHK" CHAR(1 BYTE)
   ) SEGMENT CREATION IMMEDIATE 
  PCTFREE 10 PCTUSED 40 INITRANS 1 MAXTRANS 255 NOCOMPRESS LOGGING
  STORAGE(INITIAL 65536 NEXT 1048576 MINEXTENTS 1 MAXEXTENTS 2147483645
  PCTINCREASE 0 FREELISTS 1 FREELIST GROUPS 1 BUFFER_POOL DEFAULT FLASH_CACHE DEFAULT CELL_FLASH_CACHE DEFAULT)
  TABLESPACE "SYSTEM" ;
--------------------------------------------------------
--  DDL for Table FARMINFO
--------------------------------------------------------

  CREATE TABLE "SCOTT"."FARMINFO" 
   (	"FARMNUM" NUMBER(*,0), 
	"ID" VARCHAR2(20 BYTE), 
	"FARMHELLO" VARCHAR2(100 BYTE), 
	"FARMNAME" VARCHAR2(20 BYTE), 
	"FARMCOUNT" NUMBER(*,0), 
	"FARMPOP" NUMBER(*,0), 
	"FARMBGCOL" VARCHAR2(20 BYTE)
   ) SEGMENT CREATION IMMEDIATE 
  PCTFREE 10 PCTUSED 40 INITRANS 1 MAXTRANS 255 NOCOMPRESS LOGGING
  STORAGE(INITIAL 65536 NEXT 1048576 MINEXTENTS 1 MAXEXTENTS 2147483645
  PCTINCREASE 0 FREELISTS 1 FREELIST GROUPS 1 BUFFER_POOL DEFAULT FLASH_CACHE DEFAULT CELL_FLASH_CACHE DEFAULT)
  TABLESPACE "SYSTEM" ;
--------------------------------------------------------
--  DDL for Table ITEMDETAIL
--------------------------------------------------------

  CREATE TABLE "SCOTT"."ITEMDETAIL" 
   (	"ITEMDETAILNUM" NUMBER(*,0), 
	"ITEMNUM" NUMBER(*,0), 
	"ID" VARCHAR2(20 BYTE), 
	"ITEMUSECHK" CHAR(2 BYTE)
   ) SEGMENT CREATION IMMEDIATE 
  PCTFREE 10 PCTUSED 40 INITRANS 1 MAXTRANS 255 NOCOMPRESS LOGGING
  STORAGE(INITIAL 65536 NEXT 1048576 MINEXTENTS 1 MAXEXTENTS 2147483645
  PCTINCREASE 0 FREELISTS 1 FREELIST GROUPS 1 BUFFER_POOL DEFAULT FLASH_CACHE DEFAULT CELL_FLASH_CACHE DEFAULT)
  TABLESPACE "SYSTEM" ;
--------------------------------------------------------
--  DDL for Table ITEMINFO
--------------------------------------------------------

  CREATE TABLE "SCOTT"."ITEMINFO" 
   (	"ITEMNUM" NUMBER(*,0), 
	"ITEMPIC" VARCHAR2(50 BYTE), 
	"ITEMNAME" VARCHAR2(20 BYTE), 
	"ITEMSTAT" NUMBER(*,0), 
	"ITEMPRICE" NUMBER(*,0)
   ) SEGMENT CREATION IMMEDIATE 
  PCTFREE 10 PCTUSED 40 INITRANS 1 MAXTRANS 255 NOCOMPRESS LOGGING
  STORAGE(INITIAL 65536 NEXT 1048576 MINEXTENTS 1 MAXEXTENTS 2147483645
  PCTINCREASE 0 FREELISTS 1 FREELIST GROUPS 1 BUFFER_POOL DEFAULT FLASH_CACHE DEFAULT CELL_FLASH_CACHE DEFAULT)
  TABLESPACE "SYSTEM" ;
--------------------------------------------------------
--  DDL for Table MAPINFO
--------------------------------------------------------

  CREATE TABLE "SCOTT"."MAPINFO" 
   (	"MAPNUM" NUMBER(*,0), 
	"ID" VARCHAR2(20 BYTE), 
	"X" FLOAT(126), 
	"Y" FLOAT(126)
   ) SEGMENT CREATION IMMEDIATE 
  PCTFREE 10 PCTUSED 40 INITRANS 1 MAXTRANS 255 NOCOMPRESS LOGGING
  STORAGE(INITIAL 65536 NEXT 1048576 MINEXTENTS 1 MAXEXTENTS 2147483645
  PCTINCREASE 0 FREELISTS 1 FREELIST GROUPS 1 BUFFER_POOL DEFAULT FLASH_CACHE DEFAULT CELL_FLASH_CACHE DEFAULT)
  TABLESPACE "SYSTEM" ;
--------------------------------------------------------
--  DDL for Table MAPITEMGETINFO
--------------------------------------------------------

  CREATE TABLE "SCOTT"."MAPITEMGETINFO" 
   (	"ID" VARCHAR2(20 BYTE), 
	"MAPITEMNUM" NUMBER(*,0), 
	"MAPITEMGETCHK" CHAR(2 BYTE)
   ) SEGMENT CREATION IMMEDIATE 
  PCTFREE 10 PCTUSED 40 INITRANS 1 MAXTRANS 255 NOCOMPRESS LOGGING
  STORAGE(INITIAL 65536 NEXT 1048576 MINEXTENTS 1 MAXEXTENTS 2147483645
  PCTINCREASE 0 FREELISTS 1 FREELIST GROUPS 1 BUFFER_POOL DEFAULT FLASH_CACHE DEFAULT CELL_FLASH_CACHE DEFAULT)
  TABLESPACE "SYSTEM" ;
--------------------------------------------------------
--  DDL for Table MAPITEMINFO
--------------------------------------------------------

  CREATE TABLE "SCOTT"."MAPITEMINFO" 
   (	"MAPITEMNUM" NUMBER(*,0), 
	"MAPITEMNAME" VARCHAR2(20 BYTE), 
	"MAPEVENTCHK" CHAR(2 BYTE), 
	"MAPITEMPRICE" NUMBER(*,0), 
	"MAPITEMPIC" VARCHAR2(50 BYTE)
   ) SEGMENT CREATION IMMEDIATE 
  PCTFREE 10 PCTUSED 40 INITRANS 1 MAXTRANS 255 NOCOMPRESS LOGGING
  STORAGE(INITIAL 65536 NEXT 1048576 MINEXTENTS 1 MAXEXTENTS 2147483645
  PCTINCREASE 0 FREELISTS 1 FREELIST GROUPS 1 BUFFER_POOL DEFAULT FLASH_CACHE DEFAULT CELL_FLASH_CACHE DEFAULT)
  TABLESPACE "SYSTEM" ;
--------------------------------------------------------
--  DDL for Table MEMBER3
--------------------------------------------------------

  CREATE TABLE "SCOTT"."MEMBER3" 
   (	"ID" VARCHAR2(20 BYTE), 
	"PASSWD" VARCHAR2(20 BYTE), 
	"NICKNAME" VARCHAR2(20 BYTE), 
	"WARNCOUNT" NUMBER(*,0), 
	"DROPCHK" CHAR(2 BYTE), 
	"REG_DATE" DATE, 
	"POINTSUM" NUMBER(*,0)
   ) SEGMENT CREATION IMMEDIATE 
  PCTFREE 10 PCTUSED 40 INITRANS 1 MAXTRANS 255 NOCOMPRESS LOGGING
  STORAGE(INITIAL 65536 NEXT 1048576 MINEXTENTS 1 MAXEXTENTS 2147483645
  PCTINCREASE 0 FREELISTS 1 FREELIST GROUPS 1 BUFFER_POOL DEFAULT FLASH_CACHE DEFAULT CELL_FLASH_CACHE DEFAULT)
  TABLESPACE "SYSTEM" ;
--------------------------------------------------------
--  DDL for Table MSG
--------------------------------------------------------

  CREATE TABLE "SCOTT"."MSG" 
   (	"MSGNUM" NUMBER(*,0), 
	"SENDID" VARCHAR2(20 BYTE), 
	"RECEIVEID" VARCHAR2(10 BYTE), 
	"SENDTIME" DATE, 
	"SENDDELCHK" CHAR(2 BYTE), 
	"RECEIVEDELCHK" CHAR(2 BYTE), 
	"RECEIVECHK" CHAR(2 BYTE), 
	"RECEIVETIME" DATE, 
	"MSGSUBJECT" VARCHAR2(30 BYTE), 
	"MSGCONTENT" VARCHAR2(100 BYTE)
   ) SEGMENT CREATION IMMEDIATE 
  PCTFREE 10 PCTUSED 40 INITRANS 1 MAXTRANS 255 NOCOMPRESS LOGGING
  STORAGE(INITIAL 65536 NEXT 1048576 MINEXTENTS 1 MAXEXTENTS 2147483645
  PCTINCREASE 0 FREELISTS 1 FREELIST GROUPS 1 BUFFER_POOL DEFAULT FLASH_CACHE DEFAULT CELL_FLASH_CACHE DEFAULT)
  TABLESPACE "SYSTEM" ;
--------------------------------------------------------
--  DDL for Table POINT
--------------------------------------------------------

  CREATE TABLE "SCOTT"."POINT" 
   (	"POINTNUM" NUMBER(*,0), 
	"ID" VARCHAR2(20 BYTE), 
	"POINTGETTIME" DATE, 
	"GETPOINT" NUMBER(*,0), 
	"POINTGETREASON" VARCHAR2(30 BYTE)
   ) SEGMENT CREATION IMMEDIATE 
  PCTFREE 10 PCTUSED 40 INITRANS 1 MAXTRANS 255 NOCOMPRESS LOGGING
  STORAGE(INITIAL 65536 NEXT 1048576 MINEXTENTS 1 MAXEXTENTS 2147483645
  PCTINCREASE 0 FREELISTS 1 FREELIST GROUPS 1 BUFFER_POOL DEFAULT FLASH_CACHE DEFAULT CELL_FLASH_CACHE DEFAULT)
  TABLESPACE "SYSTEM" ;
--------------------------------------------------------
--  DDL for Table REBOARD
--------------------------------------------------------

  CREATE TABLE "SCOTT"."REBOARD" 
   (	"REBOARDNUM" NUMBER(*,0), 
	"BOARDNUM" NUMBER(*,0), 
	"ID" VARCHAR2(20 BYTE), 
	"CONTENT" VARCHAR2(500 BYTE), 
	"RREF" NUMBER(*,0), 
	"RRE_STEP" NUMBER(*,0), 
	"RRE_LEVEL" NUMBER(*,0), 
	"RWRITEDATE" DATE, 
	"RDELCHK" CHAR(2 BYTE)
   ) SEGMENT CREATION IMMEDIATE 
  PCTFREE 10 PCTUSED 40 INITRANS 1 MAXTRANS 255 NOCOMPRESS LOGGING
  STORAGE(INITIAL 65536 NEXT 1048576 MINEXTENTS 1 MAXEXTENTS 2147483645
  PCTINCREASE 0 FREELISTS 1 FREELIST GROUPS 1 BUFFER_POOL DEFAULT FLASH_CACHE DEFAULT CELL_FLASH_CACHE DEFAULT)
  TABLESPACE "SYSTEM" ;
--------------------------------------------------------
--  DDL for Table REPORT
--------------------------------------------------------

  CREATE TABLE "SCOTT"."REPORT" 
   (	"REPORTREANUM" NUMBER(*,0), 
	"REPREANUM" NUMBER(*,0), 
	"REPDATE" DATE, 
	"REPHANDCHK" CHAR(2 BYTE), 
	"REPORTERID" VARCHAR2(20 BYTE), 
	"REPORTEDID" VARCHAR2(20 BYTE), 
	"CONTENT" VARCHAR2(500 BYTE), 
	"REBOARDNUM" NUMBER(*,0)
   ) SEGMENT CREATION IMMEDIATE 
  PCTFREE 10 PCTUSED 40 INITRANS 1 MAXTRANS 255 NOCOMPRESS LOGGING
  STORAGE(INITIAL 65536 NEXT 1048576 MINEXTENTS 1 MAXEXTENTS 2147483645
  PCTINCREASE 0 FREELISTS 1 FREELIST GROUPS 1 BUFFER_POOL DEFAULT FLASH_CACHE DEFAULT CELL_FLASH_CACHE DEFAULT)
  TABLESPACE "SYSTEM" ;
--------------------------------------------------------
--  DDL for Table REPORTREASON
--------------------------------------------------------

  CREATE TABLE "SCOTT"."REPORTREASON" 
   (	"REPORTREANUM" NUMBER(*,0), 
	"REPORTREAVAL" VARCHAR2(50 BYTE)
   ) SEGMENT CREATION IMMEDIATE 
  PCTFREE 10 PCTUSED 40 INITRANS 1 MAXTRANS 255 NOCOMPRESS LOGGING
  STORAGE(INITIAL 65536 NEXT 1048576 MINEXTENTS 1 MAXEXTENTS 2147483645
  PCTINCREASE 0 FREELISTS 1 FREELIST GROUPS 1 BUFFER_POOL DEFAULT FLASH_CACHE DEFAULT CELL_FLASH_CACHE DEFAULT)
  TABLESPACE "SYSTEM" ;
REM INSERTING into SCOTT.BOARD4
SET DEFINE OFF;
Insert into SCOTT.BOARD4 (BOARDNUM,ANINUM,ID,SUBJECT,CONTENT,READCOUNT,REF,RE_STEP,RE_LEVEL,WRITEDATE,DELCHK,NOTICECHK) values (1,1,'ds','ㅇㅇ','1dd',20,1,0,0,to_date('16/04/06','RR/MM/DD'),'n ','n ');
Insert into SCOTT.BOARD4 (BOARDNUM,ANINUM,ID,SUBJECT,CONTENT,READCOUNT,REF,RE_STEP,RE_LEVEL,WRITEDATE,DELCHK,NOTICECHK) values (2,1,'ds','ㅎㅎ','ㅅ',37,1,1,1,to_date('16/04/06','RR/MM/DD'),'y ','n ');
Insert into SCOTT.BOARD4 (BOARDNUM,ANINUM,ID,SUBJECT,CONTENT,READCOUNT,REF,RE_STEP,RE_LEVEL,WRITEDATE,DELCHK,NOTICECHK) values (3,2,'ds','dd','1',3,3,0,0,to_date('16/04/06','RR/MM/DD'),'n ','n ');
Insert into SCOTT.BOARD4 (BOARDNUM,ANINUM,ID,SUBJECT,CONTENT,READCOUNT,REF,RE_STEP,RE_LEVEL,WRITEDATE,DELCHK,NOTICECHK) values (4,2,'ds','dd','rㄹㄹ',4,4,0,0,to_date('16/04/07','RR/MM/DD'),'n ','n ');
Insert into SCOTT.BOARD4 (BOARDNUM,ANINUM,ID,SUBJECT,CONTENT,READCOUNT,REF,RE_STEP,RE_LEVEL,WRITEDATE,DELCHK,NOTICECHK) values (5,2,'point','gg','d',1,5,0,0,to_date('16/04/08','RR/MM/DD'),'n ','n ');
Insert into SCOTT.BOARD4 (BOARDNUM,ANINUM,ID,SUBJECT,CONTENT,READCOUNT,REF,RE_STEP,RE_LEVEL,WRITEDATE,DELCHK,NOTICECHK) values (6,1,'ds7','dd','t',21,6,0,0,to_date('16/04/11','RR/MM/DD'),'n ','n ');
Insert into SCOTT.BOARD4 (BOARDNUM,ANINUM,ID,SUBJECT,CONTENT,READCOUNT,REF,RE_STEP,RE_LEVEL,WRITEDATE,DELCHK,NOTICECHK) values (7,3,'ds7','tt','t',8,7,0,0,to_date('16/04/11','RR/MM/DD'),'n ','n ');
Insert into SCOTT.BOARD4 (BOARDNUM,ANINUM,ID,SUBJECT,CONTENT,READCOUNT,REF,RE_STEP,RE_LEVEL,WRITEDATE,DELCHK,NOTICECHK) values (8,3,'ds','gg','1dfdf',302,8,0,0,to_date('16/04/11','RR/MM/DD'),'n ','n ');
Insert into SCOTT.BOARD4 (BOARDNUM,ANINUM,ID,SUBJECT,CONTENT,READCOUNT,REF,RE_STEP,RE_LEVEL,WRITEDATE,DELCHK,NOTICECHK) values (9,2,'ex4','ee','d',22,9,0,0,to_date('16/04/11','RR/MM/DD'),'n ','n ');
Insert into SCOTT.BOARD4 (BOARDNUM,ANINUM,ID,SUBJECT,CONTENT,READCOUNT,REF,RE_STEP,RE_LEVEL,WRITEDATE,DELCHK,NOTICECHK) values (10,5,'master','공지','ㅎㅎ',4,10,0,0,to_date('16/04/18','RR/MM/DD'),'n ','y ');
Insert into SCOTT.BOARD4 (BOARDNUM,ANINUM,ID,SUBJECT,CONTENT,READCOUNT,REF,RE_STEP,RE_LEVEL,WRITEDATE,DELCHK,NOTICECHK) values (11,3,'ds','ㅎㅎ','ㅇㅇ',2,11,0,0,to_date('16/04/18','RR/MM/DD'),'n ','n ');
Insert into SCOTT.BOARD4 (BOARDNUM,ANINUM,ID,SUBJECT,CONTENT,READCOUNT,REF,RE_STEP,RE_LEVEL,WRITEDATE,DELCHK,NOTICECHK) values (12,3,'master','공지22','2',15,12,0,0,to_date('16/04/18','RR/MM/DD'),'n ','y ');
Insert into SCOTT.BOARD4 (BOARDNUM,ANINUM,ID,SUBJECT,CONTENT,READCOUNT,REF,RE_STEP,RE_LEVEL,WRITEDATE,DELCHK,NOTICECHK) values (13,2,'ds3','dd','dd',2,13,0,0,to_date('16/04/18','RR/MM/DD'),'n ','n ');
Insert into SCOTT.BOARD4 (BOARDNUM,ANINUM,ID,SUBJECT,CONTENT,READCOUNT,REF,RE_STEP,RE_LEVEL,WRITEDATE,DELCHK,NOTICECHK) values (14,2,'ds','ㅎㅎ','내용',2,14,0,0,to_date('16/04/19','RR/MM/DD'),'n ','n ');
Insert into SCOTT.BOARD4 (BOARDNUM,ANINUM,ID,SUBJECT,CONTENT,READCOUNT,REF,RE_STEP,RE_LEVEL,WRITEDATE,DELCHK,NOTICECHK) values (15,3,'ds','tt','tt',0,15,0,0,to_date('16/04/19','RR/MM/DD'),'n ','n ');
Insert into SCOTT.BOARD4 (BOARDNUM,ANINUM,ID,SUBJECT,CONTENT,READCOUNT,REF,RE_STEP,RE_LEVEL,WRITEDATE,DELCHK,NOTICECHK) values (16,5,'ds','tt','tt',15,16,0,0,to_date('16/04/19','RR/MM/DD'),'n ','n ');
Insert into SCOTT.BOARD4 (BOARDNUM,ANINUM,ID,SUBJECT,CONTENT,READCOUNT,REF,RE_STEP,RE_LEVEL,WRITEDATE,DELCHK,NOTICECHK) values (17,4,'ds','실험','팽',7,17,0,0,to_date('16/04/19','RR/MM/DD'),'n ','n ');
Insert into SCOTT.BOARD4 (BOARDNUM,ANINUM,ID,SUBJECT,CONTENT,READCOUNT,REF,RE_STEP,RE_LEVEL,WRITEDATE,DELCHK,NOTICECHK) values (18,5,'ds','dd','dd',0,18,0,0,to_date('16/04/20','RR/MM/DD'),'n ','n ');
Insert into SCOTT.BOARD4 (BOARDNUM,ANINUM,ID,SUBJECT,CONTENT,READCOUNT,REF,RE_STEP,RE_LEVEL,WRITEDATE,DELCHK,NOTICECHK) values (19,1,'ds','dd','dd',0,19,0,0,to_date('16/04/20','RR/MM/DD'),'n ','n ');
Insert into SCOTT.BOARD4 (BOARDNUM,ANINUM,ID,SUBJECT,CONTENT,READCOUNT,REF,RE_STEP,RE_LEVEL,WRITEDATE,DELCHK,NOTICECHK) values (20,4,'ds','dd','dd',0,20,0,0,to_date('16/04/20','RR/MM/DD'),'n ','n ');
Insert into SCOTT.BOARD4 (BOARDNUM,ANINUM,ID,SUBJECT,CONTENT,READCOUNT,REF,RE_STEP,RE_LEVEL,WRITEDATE,DELCHK,NOTICECHK) values (21,3,'ds','dd','dd',0,21,0,0,to_date('16/04/20','RR/MM/DD'),'n ','n ');
Insert into SCOTT.BOARD4 (BOARDNUM,ANINUM,ID,SUBJECT,CONTENT,READCOUNT,REF,RE_STEP,RE_LEVEL,WRITEDATE,DELCHK,NOTICECHK) values (22,2,'ds','dd','dd',0,22,0,0,to_date('16/04/20','RR/MM/DD'),'n ','n ');
Insert into SCOTT.BOARD4 (BOARDNUM,ANINUM,ID,SUBJECT,CONTENT,READCOUNT,REF,RE_STEP,RE_LEVEL,WRITEDATE,DELCHK,NOTICECHK) values (23,1,'ds','dd','dd',2,23,0,0,to_date('16/04/20','RR/MM/DD'),'n ','n ');
Insert into SCOTT.BOARD4 (BOARDNUM,ANINUM,ID,SUBJECT,CONTENT,READCOUNT,REF,RE_STEP,RE_LEVEL,WRITEDATE,DELCHK,NOTICECHK) values (24,5,'ds','ㅎㅎ','dd',60,24,0,0,to_date('16/04/20','RR/MM/DD'),'n ','n ');
REM INSERTING into SCOTT.ANIOWN
SET DEFINE OFF;
Insert into SCOTT.ANIOWN (OWNNUM,ID,ANINUM,NOWSTAT1,NOWSTAT2,LEADCHK,ANIOWNCHK,ANINAMING) values (3,'ds',1,10,10,'n ','y ','이븨');
Insert into SCOTT.ANIOWN (OWNNUM,ID,ANINUM,NOWSTAT1,NOWSTAT2,LEADCHK,ANIOWNCHK,ANINAMING) values (1,'ds5',1,50,4,'n ','y ',null);
Insert into SCOTT.ANIOWN (OWNNUM,ID,ANINUM,NOWSTAT1,NOWSTAT2,LEADCHK,ANIOWNCHK,ANINAMING) values (2,'ds7',1,1,0,'n ','y ',null);
Insert into SCOTT.ANIOWN (OWNNUM,ID,ANINUM,NOWSTAT1,NOWSTAT2,LEADCHK,ANIOWNCHK,ANINAMING) values (4,'master',1,1,5,'n ','y ',null);
Insert into SCOTT.ANIOWN (OWNNUM,ID,ANINUM,NOWSTAT1,NOWSTAT2,LEADCHK,ANIOWNCHK,ANINAMING) values (5,'ds7',2,0,0,'n ','y ',null);
Insert into SCOTT.ANIOWN (OWNNUM,ID,ANINUM,NOWSTAT1,NOWSTAT2,LEADCHK,ANIOWNCHK,ANINAMING) values (6,'ds7',1,0,2,'y ','y ','ㅎㅎ');
Insert into SCOTT.ANIOWN (OWNNUM,ID,ANINUM,NOWSTAT1,NOWSTAT2,LEADCHK,ANIOWNCHK,ANINAMING) values (7,'ds',2,9,0,'n ','y ','피카츄우');
Insert into SCOTT.ANIOWN (OWNNUM,ID,ANINUM,NOWSTAT1,NOWSTAT2,LEADCHK,ANIOWNCHK,ANINAMING) values (8,'ds',1,191,11,'y ','y ','님피아♥');
Insert into SCOTT.ANIOWN (OWNNUM,ID,ANINUM,NOWSTAT1,NOWSTAT2,LEADCHK,ANIOWNCHK,ANINAMING) values (9,'ds',2,6,0,'n ','n ','ㅍㅍl');
Insert into SCOTT.ANIOWN (OWNNUM,ID,ANINUM,NOWSTAT1,NOWSTAT2,LEADCHK,ANIOWNCHK,ANINAMING) values (10,'ds',2,3,0,'n ','n ','ㅍ');
Insert into SCOTT.ANIOWN (OWNNUM,ID,ANINUM,NOWSTAT1,NOWSTAT2,LEADCHK,ANIOWNCHK,ANINAMING) values (11,'ds9',3,39,6,'n ','y ','파이리2');
Insert into SCOTT.ANIOWN (OWNNUM,ID,ANINUM,NOWSTAT1,NOWSTAT2,LEADCHK,ANIOWNCHK,ANINAMING) values (12,'ds10',3,1,11,'n ','y ','파이리');
Insert into SCOTT.ANIOWN (OWNNUM,ID,ANINUM,NOWSTAT1,NOWSTAT2,LEADCHK,ANIOWNCHK,ANINAMING) values (13,'ds',3,16,1,'n ','y ','ㅇㅇ');
Insert into SCOTT.ANIOWN (OWNNUM,ID,ANINUM,NOWSTAT1,NOWSTAT2,LEADCHK,ANIOWNCHK,ANINAMING) values (14,'ex',1,0,0,'n ','y ','이브이2');
Insert into SCOTT.ANIOWN (OWNNUM,ID,ANINUM,NOWSTAT1,NOWSTAT2,LEADCHK,ANIOWNCHK,ANINAMING) values (15,'ex2',2,0,0,'n ','y ','피츄d');
Insert into SCOTT.ANIOWN (OWNNUM,ID,ANINUM,NOWSTAT1,NOWSTAT2,LEADCHK,ANIOWNCHK,ANINAMING) values (16,'ex3',2,0,3,'n ','y ','피츄1');
Insert into SCOTT.ANIOWN (OWNNUM,ID,ANINUM,NOWSTAT1,NOWSTAT2,LEADCHK,ANIOWNCHK,ANINAMING) values (17,'ds',3,0,0,'n ','n ','파이리');
Insert into SCOTT.ANIOWN (OWNNUM,ID,ANINUM,NOWSTAT1,NOWSTAT2,LEADCHK,ANIOWNCHK,ANINAMING) values (18,'dd',1,0,2,'n ','y ','이브이');
Insert into SCOTT.ANIOWN (OWNNUM,ID,ANINUM,NOWSTAT1,NOWSTAT2,LEADCHK,ANIOWNCHK,ANINAMING) values (19,'ddd',3,0,13,'y ','n ','파이링');
Insert into SCOTT.ANIOWN (OWNNUM,ID,ANINUM,NOWSTAT1,NOWSTAT2,LEADCHK,ANIOWNCHK,ANINAMING) values (20,'point',2,750,13,'n ','y ','피츙');
Insert into SCOTT.ANIOWN (OWNNUM,ID,ANINUM,NOWSTAT1,NOWSTAT2,LEADCHK,ANIOWNCHK,ANINAMING) values (21,'ds8',4,11,12,'n ','y ','팽팽이');
Insert into SCOTT.ANIOWN (OWNNUM,ID,ANINUM,NOWSTAT1,NOWSTAT2,LEADCHK,ANIOWNCHK,ANINAMING) values (22,'ds',1,1,0,'n ','y ','dd');
Insert into SCOTT.ANIOWN (OWNNUM,ID,ANINUM,NOWSTAT1,NOWSTAT2,LEADCHK,ANIOWNCHK,ANINAMING) values (23,'ex4',5,0,0,'n ','y ','호꼬');
Insert into SCOTT.ANIOWN (OWNNUM,ID,ANINUM,NOWSTAT1,NOWSTAT2,LEADCHK,ANIOWNCHK,ANINAMING) values (24,'dddd',4,0,0,'n ','y ','팽팽');
Insert into SCOTT.ANIOWN (OWNNUM,ID,ANINUM,NOWSTAT1,NOWSTAT2,LEADCHK,ANIOWNCHK,ANINAMING) values (25,'dddd',5,4,0,'n ','y ','호끼');
Insert into SCOTT.ANIOWN (OWNNUM,ID,ANINUM,NOWSTAT1,NOWSTAT2,LEADCHK,ANIOWNCHK,ANINAMING) values (26,'pi',2,2,0,'y ','y ','피피');
Insert into SCOTT.ANIOWN (OWNNUM,ID,ANINUM,NOWSTAT1,NOWSTAT2,LEADCHK,ANIOWNCHK,ANINAMING) values (27,'master',5,0,0,'n ','y ','푸호꽁');
Insert into SCOTT.ANIOWN (OWNNUM,ID,ANINUM,NOWSTAT1,NOWSTAT2,LEADCHK,ANIOWNCHK,ANINAMING) values (28,'ds7',4,0,0,'n ','y ','팽이');
Insert into SCOTT.ANIOWN (OWNNUM,ID,ANINUM,NOWSTAT1,NOWSTAT2,LEADCHK,ANIOWNCHK,ANINAMING) values (29,'ds7',2,0,0,'n ','y ','ㅍ');
Insert into SCOTT.ANIOWN (OWNNUM,ID,ANINUM,NOWSTAT1,NOWSTAT2,LEADCHK,ANIOWNCHK,ANINAMING) values (30,'ds7',5,0,0,'n ','y ','ㅍ');
Insert into SCOTT.ANIOWN (OWNNUM,ID,ANINUM,NOWSTAT1,NOWSTAT2,LEADCHK,ANIOWNCHK,ANINAMING) values (31,'da',2,0,0,'y ','y ','피츄3');
REM INSERTING into SCOTT.ANIINFO
SET DEFINE OFF;
Insert into SCOTT.ANIINFO (ANINUM,ANINAME1,ANINAME2,ANIPIC1,ANIPIC2,ANIHELLO1,ANIHELLO2,ANIHELLO3,ANIMAXSTAT1,ANIMAXSTAT2,ANIPRICE,SPECHK) values (1,'이브이','님피아','이브이1차3.gif','이브이2차(님피아2.gif','이브이1','이브이2','이브이3',100,10,500,'n');
Insert into SCOTT.ANIINFO (ANINUM,ANINAME1,ANINAME2,ANIPIC1,ANIPIC2,ANIHELLO1,ANIHELLO2,ANIHELLO3,ANIMAXSTAT1,ANIMAXSTAT2,ANIPRICE,SPECHK) values (2,'피츄','피카츄','피카츄1차(피츄).gif','피카츄2차(피카츄).gif','피츄1','피츄2','피츄3',100,10,500,'n');
Insert into SCOTT.ANIINFO (ANINUM,ANINAME1,ANINAME2,ANIPIC1,ANIPIC2,ANIHELLO1,ANIHELLO2,ANIHELLO3,ANIMAXSTAT1,ANIMAXSTAT2,ANIPRICE,SPECHK) values (3,'파이리','리자몽','파이리1차.gif','파이리2차(리자몽).gif','파이리 인사말1','파이리 인사말2','파이리 인사말3',100,10,500,'n');
Insert into SCOTT.ANIINFO (ANINUM,ANINAME1,ANINAME2,ANIPIC1,ANIPIC2,ANIHELLO1,ANIHELLO2,ANIHELLO3,ANIMAXSTAT1,ANIMAXSTAT2,ANIPRICE,SPECHK) values (4,'팽도리','팽태자','팽도리1차1.gif','팽도리2차(팽태자).gif','1','2','3',10,10,500,'n');
Insert into SCOTT.ANIINFO (ANINUM,ANINAME1,ANINAME2,ANIPIC1,ANIPIC2,ANIHELLO1,ANIHELLO2,ANIHELLO3,ANIMAXSTAT1,ANIMAXSTAT2,ANIPRICE,SPECHK) values (5,'푸호꼬','테르나','푸호꼬1차.gif','푸호꼬2차(테르나).gif','안녕','인사말2','인사말3',50,50,500,'y');
REM INSERTING into SCOTT.FARMINFO
SET DEFINE OFF;
Insert into SCOTT.FARMINFO (FARMNUM,ID,FARMHELLO,FARMNAME,FARMCOUNT,FARMPOP,FARMBGCOL) values (1,'ds','ㅇㅇddd','ds님의 농장',37,16,'skyblue');
Insert into SCOTT.FARMINFO (FARMNUM,ID,FARMHELLO,FARMNAME,FARMCOUNT,FARMPOP,FARMBGCOL) values (2,'ds5','gg','ds5님의 농장',8,3,'maroon');
Insert into SCOTT.FARMINFO (FARMNUM,ID,FARMHELLO,FARMNAME,FARMCOUNT,FARMPOP,FARMBGCOL) values (3,'ds2','ggdd','ds2님의 농장',12,7,'yellow');
Insert into SCOTT.FARMINFO (FARMNUM,ID,FARMHELLO,FARMNAME,FARMCOUNT,FARMPOP,FARMBGCOL) values (4,'ds2','gg','ds2님의 농장',10,7,'yellow');
Insert into SCOTT.FARMINFO (FARMNUM,ID,FARMHELLO,FARMNAME,FARMCOUNT,FARMPOP,FARMBGCOL) values (5,'ds3','gggg','ds3님의 농장',13,11,'pink');
Insert into SCOTT.FARMINFO (FARMNUM,ID,FARMHELLO,FARMNAME,FARMCOUNT,FARMPOP,FARMBGCOL) values (6,'ds4','gggg','ds4님의 농장',6,4,'maroon');
Insert into SCOTT.FARMINFO (FARMNUM,ID,FARMHELLO,FARMNAME,FARMCOUNT,FARMPOP,FARMBGCOL) values (7,'ds8','ddd','ds8님의 농장',6,4,'maroon');
Insert into SCOTT.FARMINFO (FARMNUM,ID,FARMHELLO,FARMNAME,FARMCOUNT,FARMPOP,FARMBGCOL) values (8,'ds9','ㅇㅇ','내 농장',7,4,'skyblue');
Insert into SCOTT.FARMINFO (FARMNUM,ID,FARMHELLO,FARMNAME,FARMCOUNT,FARMPOP,FARMBGCOL) values (9,'master','dd','운영자',2,0,'skyblue');
REM INSERTING into SCOTT.ITEMDETAIL
SET DEFINE OFF;
Insert into SCOTT.ITEMDETAIL (ITEMDETAILNUM,ITEMNUM,ID,ITEMUSECHK) values (1,1,'ds','n ');
Insert into SCOTT.ITEMDETAIL (ITEMDETAILNUM,ITEMNUM,ID,ITEMUSECHK) values (2,1,'ds','n ');
Insert into SCOTT.ITEMDETAIL (ITEMDETAILNUM,ITEMNUM,ID,ITEMUSECHK) values (3,1,'ds','y ');
Insert into SCOTT.ITEMDETAIL (ITEMDETAILNUM,ITEMNUM,ID,ITEMUSECHK) values (4,2,'ds','n ');
Insert into SCOTT.ITEMDETAIL (ITEMDETAILNUM,ITEMNUM,ID,ITEMUSECHK) values (5,3,'ds7','n ');
Insert into SCOTT.ITEMDETAIL (ITEMDETAILNUM,ITEMNUM,ID,ITEMUSECHK) values (6,2,'point','y ');
Insert into SCOTT.ITEMDETAIL (ITEMDETAILNUM,ITEMNUM,ID,ITEMUSECHK) values (7,3,'ds','y ');
Insert into SCOTT.ITEMDETAIL (ITEMDETAILNUM,ITEMNUM,ID,ITEMUSECHK) values (8,2,'ex3','n ');
Insert into SCOTT.ITEMDETAIL (ITEMDETAILNUM,ITEMNUM,ID,ITEMUSECHK) values (9,2,'point','y ');
Insert into SCOTT.ITEMDETAIL (ITEMDETAILNUM,ITEMNUM,ID,ITEMUSECHK) values (10,3,'point','y ');
Insert into SCOTT.ITEMDETAIL (ITEMDETAILNUM,ITEMNUM,ID,ITEMUSECHK) values (11,3,'point','y ');
Insert into SCOTT.ITEMDETAIL (ITEMDETAILNUM,ITEMNUM,ID,ITEMUSECHK) values (12,3,'point','y ');
Insert into SCOTT.ITEMDETAIL (ITEMDETAILNUM,ITEMNUM,ID,ITEMUSECHK) values (13,2,'point','y ');
Insert into SCOTT.ITEMDETAIL (ITEMDETAILNUM,ITEMNUM,ID,ITEMUSECHK) values (14,1,'point','y ');
Insert into SCOTT.ITEMDETAIL (ITEMDETAILNUM,ITEMNUM,ID,ITEMUSECHK) values (15,3,'point','y ');
Insert into SCOTT.ITEMDETAIL (ITEMDETAILNUM,ITEMNUM,ID,ITEMUSECHK) values (16,1,'point','y ');
Insert into SCOTT.ITEMDETAIL (ITEMDETAILNUM,ITEMNUM,ID,ITEMUSECHK) values (17,1,'point','y ');
Insert into SCOTT.ITEMDETAIL (ITEMDETAILNUM,ITEMNUM,ID,ITEMUSECHK) values (18,3,'point','y ');
Insert into SCOTT.ITEMDETAIL (ITEMDETAILNUM,ITEMNUM,ID,ITEMUSECHK) values (19,1,'point','y ');
Insert into SCOTT.ITEMDETAIL (ITEMDETAILNUM,ITEMNUM,ID,ITEMUSECHK) values (20,1,'point','n ');
Insert into SCOTT.ITEMDETAIL (ITEMDETAILNUM,ITEMNUM,ID,ITEMUSECHK) values (21,2,'ds8','n ');
Insert into SCOTT.ITEMDETAIL (ITEMDETAILNUM,ITEMNUM,ID,ITEMUSECHK) values (22,1,'ds7','n ');
REM INSERTING into SCOTT.ITEMINFO
SET DEFINE OFF;
Insert into SCOTT.ITEMINFO (ITEMNUM,ITEMPIC,ITEMNAME,ITEMSTAT,ITEMPRICE) values (1,'star_medal2.gif','별메달',50,500);
Insert into SCOTT.ITEMINFO (ITEMNUM,ITEMPIC,ITEMNAME,ITEMSTAT,ITEMPRICE) values (2,'magicsoul.gif','기운',30,300);
Insert into SCOTT.ITEMINFO (ITEMNUM,ITEMPIC,ITEMNAME,ITEMSTAT,ITEMPRICE) values (3,'gold_medal.gif','금메달',30,30);
REM INSERTING into SCOTT.MAPINFO
SET DEFINE OFF;
Insert into SCOTT.MAPINFO (MAPNUM,ID,X,Y) values (1,'ds9',33.450413,126.56806);
Insert into SCOTT.MAPINFO (MAPNUM,ID,X,Y) values (2,'ds10',33.45196,126.56742);
Insert into SCOTT.MAPINFO (MAPNUM,ID,X,Y) values (3,'ex',33.452095,126.5676);
Insert into SCOTT.MAPINFO (MAPNUM,ID,X,Y) values (4,'ex2',33.451683,126.56844);
Insert into SCOTT.MAPINFO (MAPNUM,ID,X,Y) values (5,'ex3',33.451912,126.56662);
Insert into SCOTT.MAPINFO (MAPNUM,ID,X,Y) values (6,'d',33.44913,126.56559);
Insert into SCOTT.MAPINFO (MAPNUM,ID,X,Y) values (7,'dd',33.451527,126.57012);
Insert into SCOTT.MAPINFO (MAPNUM,ID,X,Y) values (8,'ddd',33.451927,126.56764);
Insert into SCOTT.MAPINFO (MAPNUM,ID,X,Y) values (9,'point',33.452007,126.57044);
Insert into SCOTT.MAPINFO (MAPNUM,ID,X,Y) values (10,'ex4',33.45131,126.56945);
Insert into SCOTT.MAPINFO (MAPNUM,ID,X,Y) values (11,'dddd',33.451447,126.56529);
Insert into SCOTT.MAPINFO (MAPNUM,ID,X,Y) values (12,'ds',33.451928,126.56598);
Insert into SCOTT.MAPINFO (MAPNUM,ID,X,Y) values (13,'ds2',33.449898,126.57308);
Insert into SCOTT.MAPINFO (MAPNUM,ID,X,Y) values (14,'ds3',33.448906,126.56796);
Insert into SCOTT.MAPINFO (MAPNUM,ID,X,Y) values (15,'pi',33.45091,126.565544);
Insert into SCOTT.MAPINFO (MAPNUM,ID,X,Y) values (16,'ds8',33.451767,126.56611);
Insert into SCOTT.MAPINFO (MAPNUM,ID,X,Y) values (17,'ds7',33.46265,126.54926);
Insert into SCOTT.MAPINFO (MAPNUM,ID,X,Y) values (18,'da',33.451912,126.56632);
Insert into SCOTT.MAPINFO (MAPNUM,ID,X,Y) values (19,'ds5',33.451385,126.56808);
REM INSERTING into SCOTT.MAPITEMGETINFO
SET DEFINE OFF;
Insert into SCOTT.MAPITEMGETINFO (ID,MAPITEMNUM,MAPITEMGETCHK) values ('ds',1,'n ');
Insert into SCOTT.MAPITEMGETINFO (ID,MAPITEMNUM,MAPITEMGETCHK) values ('ds2',1,'y ');
Insert into SCOTT.MAPITEMGETINFO (ID,MAPITEMNUM,MAPITEMGETCHK) values ('ds8',1,'n ');
Insert into SCOTT.MAPITEMGETINFO (ID,MAPITEMNUM,MAPITEMGETCHK) values ('ds7',1,'n ');
REM INSERTING into SCOTT.MAPITEMINFO
SET DEFINE OFF;
Insert into SCOTT.MAPITEMINFO (MAPITEMNUM,MAPITEMNAME,MAPEVENTCHK,MAPITEMPRICE,MAPITEMPIC) values (1,'짱좋은거','y ',5000,'policebadge.gif');
Insert into SCOTT.MAPITEMINFO (MAPITEMNUM,MAPITEMNAME,MAPEVENTCHK,MAPITEMPRICE,MAPITEMPIC) values (2,'동메달','y ',1000,'copper_medal.gif');
Insert into SCOTT.MAPITEMINFO (MAPITEMNUM,MAPITEMNAME,MAPEVENTCHK,MAPITEMPRICE,MAPITEMPIC) values (3,'동메달','y ',1000,'copper_medal1.gif');
REM INSERTING into SCOTT.MEMBER3
SET DEFINE OFF;
Insert into SCOTT.MEMBER3 (ID,PASSWD,NICKNAME,WARNCOUNT,DROPCHK,REG_DATE,POINTSUM) values ('ds','123','ds',4,'n ',to_date('16/04/01','RR/MM/DD'),11230);
Insert into SCOTT.MEMBER3 (ID,PASSWD,NICKNAME,WARNCOUNT,DROPCHK,REG_DATE,POINTSUM) values ('ds2','123','ds',0,'n ',to_date('16/04/01','RR/MM/DD'),null);
Insert into SCOTT.MEMBER3 (ID,PASSWD,NICKNAME,WARNCOUNT,DROPCHK,REG_DATE,POINTSUM) values ('ds3','123','ds',1,'n ',to_date('16/04/01','RR/MM/DD'),100);
Insert into SCOTT.MEMBER3 (ID,PASSWD,NICKNAME,WARNCOUNT,DROPCHK,REG_DATE,POINTSUM) values ('ds4','123','ds',0,'n ',to_date('16/04/01','RR/MM/DD'),null);
Insert into SCOTT.MEMBER3 (ID,PASSWD,NICKNAME,WARNCOUNT,DROPCHK,REG_DATE,POINTSUM) values ('ds5','123','ds',0,'n ',to_date('16/04/01','RR/MM/DD'),null);
Insert into SCOTT.MEMBER3 (ID,PASSWD,NICKNAME,WARNCOUNT,DROPCHK,REG_DATE,POINTSUM) values ('ds7','123','ds',0,'n ',to_date('16/04/01','RR/MM/DD'),3060);
Insert into SCOTT.MEMBER3 (ID,PASSWD,NICKNAME,WARNCOUNT,DROPCHK,REG_DATE,POINTSUM) values ('ds8','123','ds',0,'n ',to_date('16/04/01','RR/MM/DD'),4200);
Insert into SCOTT.MEMBER3 (ID,PASSWD,NICKNAME,WARNCOUNT,DROPCHK,REG_DATE,POINTSUM) values ('master','123','마스터',3,'n ',to_date('16/04/04','RR/MM/DD'),190);
Insert into SCOTT.MEMBER3 (ID,PASSWD,NICKNAME,WARNCOUNT,DROPCHK,REG_DATE,POINTSUM) values ('123','123','123',0,'n ',to_date('16/04/04','RR/MM/DD'),null);
Insert into SCOTT.MEMBER3 (ID,PASSWD,NICKNAME,WARNCOUNT,DROPCHK,REG_DATE,POINTSUM) values ('ds9','123','포켓',0,'n ',to_date('16/04/05','RR/MM/DD'),null);
Insert into SCOTT.MEMBER3 (ID,PASSWD,NICKNAME,WARNCOUNT,DROPCHK,REG_DATE,POINTSUM) values ('ds10','123','파이',0,'n ',to_date('16/04/07','RR/MM/DD'),null);
Insert into SCOTT.MEMBER3 (ID,PASSWD,NICKNAME,WARNCOUNT,DROPCHK,REG_DATE,POINTSUM) values ('ex','1','ex',0,'n ',to_date('16/04/08','RR/MM/DD'),null);
Insert into SCOTT.MEMBER3 (ID,PASSWD,NICKNAME,WARNCOUNT,DROPCHK,REG_DATE,POINTSUM) values ('ex2','1','ex2',0,'n ',to_date('16/04/08','RR/MM/DD'),null);
Insert into SCOTT.MEMBER3 (ID,PASSWD,NICKNAME,WARNCOUNT,DROPCHK,REG_DATE,POINTSUM) values ('ex3','1','1',0,'n ',to_date('16/04/08','RR/MM/DD'),null);
Insert into SCOTT.MEMBER3 (ID,PASSWD,NICKNAME,WARNCOUNT,DROPCHK,REG_DATE,POINTSUM) values ('d','1','1',0,'n ',to_date('16/04/08','RR/MM/DD'),null);
Insert into SCOTT.MEMBER3 (ID,PASSWD,NICKNAME,WARNCOUNT,DROPCHK,REG_DATE,POINTSUM) values ('dd','1','1',0,'n ',to_date('16/04/08','RR/MM/DD'),null);
Insert into SCOTT.MEMBER3 (ID,PASSWD,NICKNAME,WARNCOUNT,DROPCHK,REG_DATE,POINTSUM) values ('ddd','1','1',0,'n ',to_date('16/04/08','RR/MM/DD'),null);
Insert into SCOTT.MEMBER3 (ID,PASSWD,NICKNAME,WARNCOUNT,DROPCHK,REG_DATE,POINTSUM) values ('point','1','1',0,'n ',to_date('16/04/08','RR/MM/DD'),50);
Insert into SCOTT.MEMBER3 (ID,PASSWD,NICKNAME,WARNCOUNT,DROPCHK,REG_DATE,POINTSUM) values ('ex4','123','ex',0,'n ',to_date('16/04/11','RR/MM/DD'),50);
Insert into SCOTT.MEMBER3 (ID,PASSWD,NICKNAME,WARNCOUNT,DROPCHK,REG_DATE,POINTSUM) values ('dddd','123','포켓',0,'n ',to_date('16/04/12','RR/MM/DD'),0);
Insert into SCOTT.MEMBER3 (ID,PASSWD,NICKNAME,WARNCOUNT,DROPCHK,REG_DATE,POINTSUM) values ('pi','123','피카',0,'n ',to_date('16/04/20','RR/MM/DD'),500);
Insert into SCOTT.MEMBER3 (ID,PASSWD,NICKNAME,WARNCOUNT,DROPCHK,REG_DATE,POINTSUM) values ('da','123','ds',0,'n ',to_date('16/04/21','RR/MM/DD'),500);
REM INSERTING into SCOTT.MSG
SET DEFINE OFF;
Insert into SCOTT.MSG (MSGNUM,SENDID,RECEIVEID,SENDTIME,SENDDELCHK,RECEIVEDELCHK,RECEIVECHK,RECEIVETIME,MSGSUBJECT,MSGCONTENT) values (1,'master','ds',to_date('16/04/19','RR/MM/DD'),'n ','y ','y ',to_date('16/04/19','RR/MM/DD'),'ㅠ','쪽지..');
Insert into SCOTT.MSG (MSGNUM,SENDID,RECEIVEID,SENDTIME,SENDDELCHK,RECEIVEDELCHK,RECEIVECHK,RECEIVETIME,MSGSUBJECT,MSGCONTENT) values (2,'ds','ds8',to_date('16/04/19','RR/MM/DD'),'y ','n ','y ',to_date('16/04/19','RR/MM/DD'),'ㅎㅎ','ㅎ');
Insert into SCOTT.MSG (MSGNUM,SENDID,RECEIVEID,SENDTIME,SENDDELCHK,RECEIVEDELCHK,RECEIVECHK,RECEIVETIME,MSGSUBJECT,MSGCONTENT) values (3,'ds','master',to_date('16/04/19','RR/MM/DD'),'y ','n ','y ',to_date('16/04/19','RR/MM/DD'),'답장~','답장이욤');
Insert into SCOTT.MSG (MSGNUM,SENDID,RECEIVEID,SENDTIME,SENDDELCHK,RECEIVEDELCHK,RECEIVECHK,RECEIVETIME,MSGSUBJECT,MSGCONTENT) values (4,'ds','master',to_date('16/04/19','RR/MM/DD'),'n ','n ','n ',null,'gg','gg');
Insert into SCOTT.MSG (MSGNUM,SENDID,RECEIVEID,SENDTIME,SENDDELCHK,RECEIVEDELCHK,RECEIVECHK,RECEIVETIME,MSGSUBJECT,MSGCONTENT) values (5,'ds','master',to_date('16/04/19','RR/MM/DD'),'y ','n ','y ',to_date('16/04/19','RR/MM/DD'),'gg','gg');
Insert into SCOTT.MSG (MSGNUM,SENDID,RECEIVEID,SENDTIME,SENDDELCHK,RECEIVEDELCHK,RECEIVECHK,RECEIVETIME,MSGSUBJECT,MSGCONTENT) values (6,'ds','ds2',to_date('16/04/20','RR/MM/DD'),'n ','n ','y ',to_date('16/04/20','RR/MM/DD'),'안녕','쪽지보냄 ㅎㅎ');
Insert into SCOTT.MSG (MSGNUM,SENDID,RECEIVEID,SENDTIME,SENDDELCHK,RECEIVEDELCHK,RECEIVECHK,RECEIVETIME,MSGSUBJECT,MSGCONTENT) values (7,'ds2','ds',to_date('16/04/20','RR/MM/DD'),'n ','n ','y ',to_date('16/04/20','RR/MM/DD'),'빨리','읽어');
Insert into SCOTT.MSG (MSGNUM,SENDID,RECEIVEID,SENDTIME,SENDDELCHK,RECEIVEDELCHK,RECEIVECHK,RECEIVETIME,MSGSUBJECT,MSGCONTENT) values (8,'ds','master',to_date('16/04/20','RR/MM/DD'),'n ','n ','n ',null,'히힛','연습');
Insert into SCOTT.MSG (MSGNUM,SENDID,RECEIVEID,SENDTIME,SENDDELCHK,RECEIVEDELCHK,RECEIVECHK,RECEIVETIME,MSGSUBJECT,MSGCONTENT) values (9,'da','d',to_date('16/04/21','RR/MM/DD'),'n ','n ','n ',null,'hi','hello');
REM INSERTING into SCOTT.POINT
SET DEFINE OFF;
Insert into SCOTT.POINT (POINTNUM,ID,POINTGETTIME,GETPOINT,POINTGETREASON) values (1,'ddd',to_date('16/04/08','RR/MM/DD'),500,'회원 가입');
Insert into SCOTT.POINT (POINTNUM,ID,POINTGETTIME,GETPOINT,POINTGETREASON) values (2,'point',to_date('16/04/08','RR/MM/DD'),500,'회원 가입');
Insert into SCOTT.POINT (POINTNUM,ID,POINTGETTIME,GETPOINT,POINTGETREASON) values (3,'point',to_date('16/04/08','RR/MM/DD'),50,'글 작성');
Insert into SCOTT.POINT (POINTNUM,ID,POINTGETTIME,GETPOINT,POINTGETREASON) values (4,'ds7',to_date('16/04/11','RR/MM/DD'),50,'글 작성');
Insert into SCOTT.POINT (POINTNUM,ID,POINTGETTIME,GETPOINT,POINTGETREASON) values (5,'ds7',to_date('16/04/11','RR/MM/DD'),50,'글 작성');
Insert into SCOTT.POINT (POINTNUM,ID,POINTGETTIME,GETPOINT,POINTGETREASON) values (6,'ds',to_date('16/04/11','RR/MM/DD'),50,'글 작성');
Insert into SCOTT.POINT (POINTNUM,ID,POINTGETTIME,GETPOINT,POINTGETREASON) values (7,'ex4',to_date('16/04/11','RR/MM/DD'),500,'회원 가입');
Insert into SCOTT.POINT (POINTNUM,ID,POINTGETTIME,GETPOINT,POINTGETREASON) values (8,'ex4',to_date('16/04/11','RR/MM/DD'),50,'글 작성');
Insert into SCOTT.POINT (POINTNUM,ID,POINTGETTIME,GETPOINT,POINTGETREASON) values (9,'point',to_date('16/04/11','RR/MM/DD'),-500,'아이템 구매');
Insert into SCOTT.POINT (POINTNUM,ID,POINTGETTIME,GETPOINT,POINTGETREASON) values (10,'ex4',to_date('16/04/12','RR/MM/DD'),-500,'포켓몬 구매');
Insert into SCOTT.POINT (POINTNUM,ID,POINTGETTIME,GETPOINT,POINTGETREASON) values (11,'dddd',to_date('16/04/12','RR/MM/DD'),500,'회원 가입');
Insert into SCOTT.POINT (POINTNUM,ID,POINTGETTIME,GETPOINT,POINTGETREASON) values (12,'dddd',to_date('16/04/12','RR/MM/DD'),-500,'포켓몬 구매');
Insert into SCOTT.POINT (POINTNUM,ID,POINTGETTIME,GETPOINT,POINTGETREASON) values (13,'ds',to_date('16/04/14','RR/MM/DD'),10,'댓글 작성');
Insert into SCOTT.POINT (POINTNUM,ID,POINTGETTIME,GETPOINT,POINTGETREASON) values (14,'ds',to_date('16/04/14','RR/MM/DD'),10,'댓글 작성');
Insert into SCOTT.POINT (POINTNUM,ID,POINTGETTIME,GETPOINT,POINTGETREASON) values (15,'ds',to_date('16/04/14','RR/MM/DD'),10,'댓글 작성');
Insert into SCOTT.POINT (POINTNUM,ID,POINTGETTIME,GETPOINT,POINTGETREASON) values (16,'ds',to_date('16/04/14','RR/MM/DD'),10,'댓글 작성');
Insert into SCOTT.POINT (POINTNUM,ID,POINTGETTIME,GETPOINT,POINTGETREASON) values (17,'ds',to_date('16/04/14','RR/MM/DD'),10,'댓글 작성');
Insert into SCOTT.POINT (POINTNUM,ID,POINTGETTIME,GETPOINT,POINTGETREASON) values (18,'ds',to_date('16/04/14','RR/MM/DD'),10,'댓글 작성');
Insert into SCOTT.POINT (POINTNUM,ID,POINTGETTIME,GETPOINT,POINTGETREASON) values (19,'ds',to_date('16/04/14','RR/MM/DD'),10,'댓글 작성');
Insert into SCOTT.POINT (POINTNUM,ID,POINTGETTIME,GETPOINT,POINTGETREASON) values (20,'ds',to_date('16/04/14','RR/MM/DD'),10,'댓글 작성');
Insert into SCOTT.POINT (POINTNUM,ID,POINTGETTIME,GETPOINT,POINTGETREASON) values (21,'ds',to_date('16/04/14','RR/MM/DD'),10,'댓글 작성');
Insert into SCOTT.POINT (POINTNUM,ID,POINTGETTIME,GETPOINT,POINTGETREASON) values (22,'ds',to_date('16/04/14','RR/MM/DD'),10,'댓글 작성');
Insert into SCOTT.POINT (POINTNUM,ID,POINTGETTIME,GETPOINT,POINTGETREASON) values (23,'ds',to_date('16/04/14','RR/MM/DD'),10,'댓글 작성');
Insert into SCOTT.POINT (POINTNUM,ID,POINTGETTIME,GETPOINT,POINTGETREASON) values (24,'ds',to_date('16/04/14','RR/MM/DD'),10,'댓글 작성');
Insert into SCOTT.POINT (POINTNUM,ID,POINTGETTIME,GETPOINT,POINTGETREASON) values (25,'ds',to_date('16/04/14','RR/MM/DD'),10,'댓글 작성');
Insert into SCOTT.POINT (POINTNUM,ID,POINTGETTIME,GETPOINT,POINTGETREASON) values (26,'ds',to_date('16/04/14','RR/MM/DD'),10,'댓글 작성');
Insert into SCOTT.POINT (POINTNUM,ID,POINTGETTIME,GETPOINT,POINTGETREASON) values (27,'ds',to_date('16/04/14','RR/MM/DD'),10,'댓글 작성');
Insert into SCOTT.POINT (POINTNUM,ID,POINTGETTIME,GETPOINT,POINTGETREASON) values (28,'ds',to_date('16/04/14','RR/MM/DD'),10,'댓글 작성');
Insert into SCOTT.POINT (POINTNUM,ID,POINTGETTIME,GETPOINT,POINTGETREASON) values (29,'ds',to_date('16/04/14','RR/MM/DD'),10,'댓글 작성');
Insert into SCOTT.POINT (POINTNUM,ID,POINTGETTIME,GETPOINT,POINTGETREASON) values (30,'ds',to_date('16/04/14','RR/MM/DD'),10,'댓글 작성');
Insert into SCOTT.POINT (POINTNUM,ID,POINTGETTIME,GETPOINT,POINTGETREASON) values (31,'ds',to_date('16/04/14','RR/MM/DD'),10,'댓글 작성');
Insert into SCOTT.POINT (POINTNUM,ID,POINTGETTIME,GETPOINT,POINTGETREASON) values (32,'ds',to_date('16/04/14','RR/MM/DD'),10,'댓글 작성');
Insert into SCOTT.POINT (POINTNUM,ID,POINTGETTIME,GETPOINT,POINTGETREASON) values (33,'ds',to_date('16/04/14','RR/MM/DD'),10,'댓글 작성');
Insert into SCOTT.POINT (POINTNUM,ID,POINTGETTIME,GETPOINT,POINTGETREASON) values (34,'ds',to_date('16/04/14','RR/MM/DD'),10,'댓글 작성');
Insert into SCOTT.POINT (POINTNUM,ID,POINTGETTIME,GETPOINT,POINTGETREASON) values (35,'ds7',to_date('16/04/14','RR/MM/DD'),10,'댓글 작성');
Insert into SCOTT.POINT (POINTNUM,ID,POINTGETTIME,GETPOINT,POINTGETREASON) values (36,'ds',to_date('16/04/15','RR/MM/DD'),10,'댓글 작성');
Insert into SCOTT.POINT (POINTNUM,ID,POINTGETTIME,GETPOINT,POINTGETREASON) values (37,'ds',to_date('16/04/15','RR/MM/DD'),10,'댓글 작성');
Insert into SCOTT.POINT (POINTNUM,ID,POINTGETTIME,GETPOINT,POINTGETREASON) values (38,'ds',to_date('16/04/15','RR/MM/DD'),10,'댓글 작성');
Insert into SCOTT.POINT (POINTNUM,ID,POINTGETTIME,GETPOINT,POINTGETREASON) values (39,'ds',to_date('16/04/15','RR/MM/DD'),10,'댓글 작성');
Insert into SCOTT.POINT (POINTNUM,ID,POINTGETTIME,GETPOINT,POINTGETREASON) values (40,'ds',to_date('16/04/15','RR/MM/DD'),10,'댓글 작성');
Insert into SCOTT.POINT (POINTNUM,ID,POINTGETTIME,GETPOINT,POINTGETREASON) values (41,'id',to_date('16/04/15','RR/MM/DD'),10,'댓글 작성');
Insert into SCOTT.POINT (POINTNUM,ID,POINTGETTIME,GETPOINT,POINTGETREASON) values (42,'id',to_date('16/04/15','RR/MM/DD'),10,'댓글 작성');
Insert into SCOTT.POINT (POINTNUM,ID,POINTGETTIME,GETPOINT,POINTGETREASON) values (43,'id',to_date('16/04/15','RR/MM/DD'),10,'댓글 작성');
Insert into SCOTT.POINT (POINTNUM,ID,POINTGETTIME,GETPOINT,POINTGETREASON) values (44,'id',to_date('16/04/15','RR/MM/DD'),10,'댓글 작성');
Insert into SCOTT.POINT (POINTNUM,ID,POINTGETTIME,GETPOINT,POINTGETREASON) values (45,'ds',to_date('16/04/15','RR/MM/DD'),10,'댓글 작성');
Insert into SCOTT.POINT (POINTNUM,ID,POINTGETTIME,GETPOINT,POINTGETREASON) values (46,'ds',to_date('16/04/15','RR/MM/DD'),10,'댓글 작성');
Insert into SCOTT.POINT (POINTNUM,ID,POINTGETTIME,GETPOINT,POINTGETREASON) values (47,'ds',to_date('16/04/15','RR/MM/DD'),10,'댓글 작성');
Insert into SCOTT.POINT (POINTNUM,ID,POINTGETTIME,GETPOINT,POINTGETREASON) values (48,'ds',to_date('16/04/15','RR/MM/DD'),10,'댓글 작성');
Insert into SCOTT.POINT (POINTNUM,ID,POINTGETTIME,GETPOINT,POINTGETREASON) values (49,'ds',to_date('16/04/15','RR/MM/DD'),10,'댓글 작성');
Insert into SCOTT.POINT (POINTNUM,ID,POINTGETTIME,GETPOINT,POINTGETREASON) values (50,'ds',to_date('16/04/15','RR/MM/DD'),10,'댓글 작성');
Insert into SCOTT.POINT (POINTNUM,ID,POINTGETTIME,GETPOINT,POINTGETREASON) values (51,'ds',to_date('16/04/15','RR/MM/DD'),10,'댓글 작성');
Insert into SCOTT.POINT (POINTNUM,ID,POINTGETTIME,GETPOINT,POINTGETREASON) values (52,'ds',to_date('16/04/15','RR/MM/DD'),10,'댓글 작성');
Insert into SCOTT.POINT (POINTNUM,ID,POINTGETTIME,GETPOINT,POINTGETREASON) values (53,'ds',to_date('16/04/15','RR/MM/DD'),10,'댓글 작성');
Insert into SCOTT.POINT (POINTNUM,ID,POINTGETTIME,GETPOINT,POINTGETREASON) values (54,'ds',to_date('16/04/15','RR/MM/DD'),10,'댓글 작성');
Insert into SCOTT.POINT (POINTNUM,ID,POINTGETTIME,GETPOINT,POINTGETREASON) values (55,'ds',to_date('16/04/15','RR/MM/DD'),10,'댓글 작성');
Insert into SCOTT.POINT (POINTNUM,ID,POINTGETTIME,GETPOINT,POINTGETREASON) values (56,'ds',to_date('16/04/15','RR/MM/DD'),10,'댓글 작성');
Insert into SCOTT.POINT (POINTNUM,ID,POINTGETTIME,GETPOINT,POINTGETREASON) values (57,'ds',to_date('16/04/15','RR/MM/DD'),10,'댓글 작성');
Insert into SCOTT.POINT (POINTNUM,ID,POINTGETTIME,GETPOINT,POINTGETREASON) values (58,'ds',to_date('16/04/15','RR/MM/DD'),10,'댓글 작성');
Insert into SCOTT.POINT (POINTNUM,ID,POINTGETTIME,GETPOINT,POINTGETREASON) values (59,'ds',to_date('16/04/15','RR/MM/DD'),10,'댓글 작성');
Insert into SCOTT.POINT (POINTNUM,ID,POINTGETTIME,GETPOINT,POINTGETREASON) values (60,'ds',to_date('16/04/15','RR/MM/DD'),10,'댓글 작성');
Insert into SCOTT.POINT (POINTNUM,ID,POINTGETTIME,GETPOINT,POINTGETREASON) values (61,'ds',to_date('16/04/15','RR/MM/DD'),10,'댓글 작성');
Insert into SCOTT.POINT (POINTNUM,ID,POINTGETTIME,GETPOINT,POINTGETREASON) values (62,'master',to_date('16/04/18','RR/MM/DD'),50,'글 작성');
Insert into SCOTT.POINT (POINTNUM,ID,POINTGETTIME,GETPOINT,POINTGETREASON) values (63,'master',to_date('16/04/18','RR/MM/DD'),50,'글 작성');
Insert into SCOTT.POINT (POINTNUM,ID,POINTGETTIME,GETPOINT,POINTGETREASON) values (64,'ds',to_date('16/04/18','RR/MM/DD'),50,'글 작성');
Insert into SCOTT.POINT (POINTNUM,ID,POINTGETTIME,GETPOINT,POINTGETREASON) values (65,'master',to_date('16/04/18','RR/MM/DD'),50,'글 작성');
Insert into SCOTT.POINT (POINTNUM,ID,POINTGETTIME,GETPOINT,POINTGETREASON) values (66,'ds3',to_date('16/04/18','RR/MM/DD'),50,'글 작성');
Insert into SCOTT.POINT (POINTNUM,ID,POINTGETTIME,GETPOINT,POINTGETREASON) values (67,'ds3',to_date('16/04/18','RR/MM/DD'),10,'댓글 작성');
Insert into SCOTT.POINT (POINTNUM,ID,POINTGETTIME,GETPOINT,POINTGETREASON) values (68,'ds3',to_date('16/04/18','RR/MM/DD'),10,'댓글 작성');
Insert into SCOTT.POINT (POINTNUM,ID,POINTGETTIME,GETPOINT,POINTGETREASON) values (69,'ds3',to_date('16/04/18','RR/MM/DD'),10,'댓글 작성');
Insert into SCOTT.POINT (POINTNUM,ID,POINTGETTIME,GETPOINT,POINTGETREASON) values (70,'ds3',to_date('16/04/18','RR/MM/DD'),10,'댓글 작성');
Insert into SCOTT.POINT (POINTNUM,ID,POINTGETTIME,GETPOINT,POINTGETREASON) values (71,'ds3',to_date('16/04/18','RR/MM/DD'),10,'댓글 작성');
Insert into SCOTT.POINT (POINTNUM,ID,POINTGETTIME,GETPOINT,POINTGETREASON) values (72,'master',to_date('16/04/18','RR/MM/DD'),10,'댓글 작성');
Insert into SCOTT.POINT (POINTNUM,ID,POINTGETTIME,GETPOINT,POINTGETREASON) values (73,'ds',to_date('16/04/19','RR/MM/DD'),50,'글 작성');
Insert into SCOTT.POINT (POINTNUM,ID,POINTGETTIME,GETPOINT,POINTGETREASON) values (74,'ds',to_date('16/04/19','RR/MM/DD'),50,'글 작성');
Insert into SCOTT.POINT (POINTNUM,ID,POINTGETTIME,GETPOINT,POINTGETREASON) values (75,'ds',to_date('16/04/19','RR/MM/DD'),50,'글 작성');
Insert into SCOTT.POINT (POINTNUM,ID,POINTGETTIME,GETPOINT,POINTGETREASON) values (76,'ds',to_date('16/04/19','RR/MM/DD'),10,'댓글 작성');
Insert into SCOTT.POINT (POINTNUM,ID,POINTGETTIME,GETPOINT,POINTGETREASON) values (77,'ds',to_date('16/04/19','RR/MM/DD'),10,'댓글 작성');
Insert into SCOTT.POINT (POINTNUM,ID,POINTGETTIME,GETPOINT,POINTGETREASON) values (78,'ds',to_date('16/04/19','RR/MM/DD'),10,'댓글 작성');
Insert into SCOTT.POINT (POINTNUM,ID,POINTGETTIME,GETPOINT,POINTGETREASON) values (79,'ds',to_date('16/04/19','RR/MM/DD'),10,'댓글 작성');
Insert into SCOTT.POINT (POINTNUM,ID,POINTGETTIME,GETPOINT,POINTGETREASON) values (80,'ds',to_date('16/04/19','RR/MM/DD'),10,'댓글 작성');
Insert into SCOTT.POINT (POINTNUM,ID,POINTGETTIME,GETPOINT,POINTGETREASON) values (81,'ds',to_date('16/04/19','RR/MM/DD'),10,'댓글 작성');
Insert into SCOTT.POINT (POINTNUM,ID,POINTGETTIME,GETPOINT,POINTGETREASON) values (82,'ds',to_date('16/04/19','RR/MM/DD'),10,'댓글 작성');
Insert into SCOTT.POINT (POINTNUM,ID,POINTGETTIME,GETPOINT,POINTGETREASON) values (83,'ds',to_date('16/04/19','RR/MM/DD'),10,'댓글 작성');
Insert into SCOTT.POINT (POINTNUM,ID,POINTGETTIME,GETPOINT,POINTGETREASON) values (84,'ds',to_date('16/04/19','RR/MM/DD'),10,'댓글 작성');
Insert into SCOTT.POINT (POINTNUM,ID,POINTGETTIME,GETPOINT,POINTGETREASON) values (85,'ds',to_date('16/04/19','RR/MM/DD'),10,'댓글 작성');
Insert into SCOTT.POINT (POINTNUM,ID,POINTGETTIME,GETPOINT,POINTGETREASON) values (86,'ds',to_date('16/04/19','RR/MM/DD'),50,'글 작성');
Insert into SCOTT.POINT (POINTNUM,ID,POINTGETTIME,GETPOINT,POINTGETREASON) values (87,'ds',to_date('16/04/20','RR/MM/DD'),10,'댓글 작성');
Insert into SCOTT.POINT (POINTNUM,ID,POINTGETTIME,GETPOINT,POINTGETREASON) values (88,'ds',to_date('16/04/20','RR/MM/DD'),50,'글 작성');
Insert into SCOTT.POINT (POINTNUM,ID,POINTGETTIME,GETPOINT,POINTGETREASON) values (89,'ds',to_date('16/04/20','RR/MM/DD'),50,'글 작성');
Insert into SCOTT.POINT (POINTNUM,ID,POINTGETTIME,GETPOINT,POINTGETREASON) values (90,'ds',to_date('16/04/20','RR/MM/DD'),50,'글 작성');
Insert into SCOTT.POINT (POINTNUM,ID,POINTGETTIME,GETPOINT,POINTGETREASON) values (91,'ds',to_date('16/04/20','RR/MM/DD'),50,'글 작성');
Insert into SCOTT.POINT (POINTNUM,ID,POINTGETTIME,GETPOINT,POINTGETREASON) values (92,'ds',to_date('16/04/20','RR/MM/DD'),50,'글 작성');
Insert into SCOTT.POINT (POINTNUM,ID,POINTGETTIME,GETPOINT,POINTGETREASON) values (93,'ds',to_date('16/04/20','RR/MM/DD'),50,'글 작성');
Insert into SCOTT.POINT (POINTNUM,ID,POINTGETTIME,GETPOINT,POINTGETREASON) values (94,'ds',to_date('16/04/20','RR/MM/DD'),50,'글 작성');
Insert into SCOTT.POINT (POINTNUM,ID,POINTGETTIME,GETPOINT,POINTGETREASON) values (95,'pi',to_date('16/04/20','RR/MM/DD'),500,'회원 가입');
Insert into SCOTT.POINT (POINTNUM,ID,POINTGETTIME,GETPOINT,POINTGETREASON) values (96,'ds',to_date('16/04/20','RR/MM/DD'),10,'댓글 작성');
Insert into SCOTT.POINT (POINTNUM,ID,POINTGETTIME,GETPOINT,POINTGETREASON) values (97,'ds',to_date('16/04/21','RR/MM/DD'),5000,'이벤트 아이템 판매');
Insert into SCOTT.POINT (POINTNUM,ID,POINTGETTIME,GETPOINT,POINTGETREASON) values (98,'ds',to_date('16/04/21','RR/MM/DD'),5000,'이벤트 아이템 판매');
Insert into SCOTT.POINT (POINTNUM,ID,POINTGETTIME,GETPOINT,POINTGETREASON) values (99,'ds8',to_date('16/04/21','RR/MM/DD'),5000,'이벤트 아이템 판매');
Insert into SCOTT.POINT (POINTNUM,ID,POINTGETTIME,GETPOINT,POINTGETREASON) values (100,'ds8',to_date('16/04/21','RR/MM/DD'),-500,'포켓몬 구매');
Insert into SCOTT.POINT (POINTNUM,ID,POINTGETTIME,GETPOINT,POINTGETREASON) values (101,'ds8',to_date('16/04/21','RR/MM/DD'),-300,'아이템 구매');
Insert into SCOTT.POINT (POINTNUM,ID,POINTGETTIME,GETPOINT,POINTGETREASON) values (102,'ds7',to_date('16/04/21','RR/MM/DD'),5000,'이벤트 아이템 판매');
Insert into SCOTT.POINT (POINTNUM,ID,POINTGETTIME,GETPOINT,POINTGETREASON) values (103,'ds7',to_date('16/04/21','RR/MM/DD'),-500,'아이템 구매');
Insert into SCOTT.POINT (POINTNUM,ID,POINTGETTIME,GETPOINT,POINTGETREASON) values (104,'ds7',to_date('16/04/21','RR/MM/DD'),-500,'포켓몬 구매');
Insert into SCOTT.POINT (POINTNUM,ID,POINTGETTIME,GETPOINT,POINTGETREASON) values (105,'ds7',to_date('16/04/21','RR/MM/DD'),-500,'포켓몬 구매');
Insert into SCOTT.POINT (POINTNUM,ID,POINTGETTIME,GETPOINT,POINTGETREASON) values (106,'ds7',to_date('16/04/21','RR/MM/DD'),-500,'포켓몬 구매');
Insert into SCOTT.POINT (POINTNUM,ID,POINTGETTIME,GETPOINT,POINTGETREASON) values (107,'da',to_date('16/04/21','RR/MM/DD'),500,'회원 가입');
Insert into SCOTT.POINT (POINTNUM,ID,POINTGETTIME,GETPOINT,POINTGETREASON) values (108,'master',to_date('16/04/21','RR/MM/DD'),10,'댓글 작성');
Insert into SCOTT.POINT (POINTNUM,ID,POINTGETTIME,GETPOINT,POINTGETREASON) values (109,'master',to_date('16/04/21','RR/MM/DD'),10,'댓글 작성');
Insert into SCOTT.POINT (POINTNUM,ID,POINTGETTIME,GETPOINT,POINTGETREASON) values (110,'master',to_date('16/04/21','RR/MM/DD'),10,'댓글 작성');
Insert into SCOTT.POINT (POINTNUM,ID,POINTGETTIME,GETPOINT,POINTGETREASON) values (111,'ds',to_date('16/04/21','RR/MM/DD'),10,'댓글 작성');
Insert into SCOTT.POINT (POINTNUM,ID,POINTGETTIME,GETPOINT,POINTGETREASON) values (112,'ds',to_date('16/04/21','RR/MM/DD'),10,'댓글 작성');
REM INSERTING into SCOTT.REBOARD
SET DEFINE OFF;
Insert into SCOTT.REBOARD (REBOARDNUM,BOARDNUM,ID,CONTENT,RREF,RRE_STEP,RRE_LEVEL,RWRITEDATE,RDELCHK) values (1,8,'ds','dd',1,0,0,to_date('16/04/14','RR/MM/DD'),'n ');
Insert into SCOTT.REBOARD (REBOARDNUM,BOARDNUM,ID,CONTENT,RREF,RRE_STEP,RRE_LEVEL,RWRITEDATE,RDELCHK) values (2,8,'ds','ddddddd',2,0,0,to_date('16/04/14','RR/MM/DD'),'n ');
Insert into SCOTT.REBOARD (REBOARDNUM,BOARDNUM,ID,CONTENT,RREF,RRE_STEP,RRE_LEVEL,RWRITEDATE,RDELCHK) values (3,8,'ds','d',3,0,0,to_date('16/04/14','RR/MM/DD'),'n ');
Insert into SCOTT.REBOARD (REBOARDNUM,BOARDNUM,ID,CONTENT,RREF,RRE_STEP,RRE_LEVEL,RWRITEDATE,RDELCHK) values (4,8,'ds','t',4,0,0,to_date('16/04/14','RR/MM/DD'),'n ');
Insert into SCOTT.REBOARD (REBOARDNUM,BOARDNUM,ID,CONTENT,RREF,RRE_STEP,RRE_LEVEL,RWRITEDATE,RDELCHK) values (5,8,'ds','d',5,0,0,to_date('16/04/14','RR/MM/DD'),'n ');
Insert into SCOTT.REBOARD (REBOARDNUM,BOARDNUM,ID,CONTENT,RREF,RRE_STEP,RRE_LEVEL,RWRITEDATE,RDELCHK) values (6,8,'ds','ttt',6,0,0,to_date('16/04/14','RR/MM/DD'),'n ');
Insert into SCOTT.REBOARD (REBOARDNUM,BOARDNUM,ID,CONTENT,RREF,RRE_STEP,RRE_LEVEL,RWRITEDATE,RDELCHK) values (7,8,'ds','dddd',7,0,0,to_date('16/04/14','RR/MM/DD'),'n ');
Insert into SCOTT.REBOARD (REBOARDNUM,BOARDNUM,ID,CONTENT,RREF,RRE_STEP,RRE_LEVEL,RWRITEDATE,RDELCHK) values (8,8,'ds','x',8,0,0,to_date('16/04/14','RR/MM/DD'),'n ');
Insert into SCOTT.REBOARD (REBOARDNUM,BOARDNUM,ID,CONTENT,RREF,RRE_STEP,RRE_LEVEL,RWRITEDATE,RDELCHK) values (9,8,'ds','t',9,0,0,to_date('16/04/14','RR/MM/DD'),'n ');
Insert into SCOTT.REBOARD (REBOARDNUM,BOARDNUM,ID,CONTENT,RREF,RRE_STEP,RRE_LEVEL,RWRITEDATE,RDELCHK) values (10,8,'ds','dd',10,0,0,to_date('16/04/14','RR/MM/DD'),'n ');
Insert into SCOTT.REBOARD (REBOARDNUM,BOARDNUM,ID,CONTENT,RREF,RRE_STEP,RRE_LEVEL,RWRITEDATE,RDELCHK) values (11,8,'ds','t',11,0,0,to_date('16/04/14','RR/MM/DD'),'n ');
Insert into SCOTT.REBOARD (REBOARDNUM,BOARDNUM,ID,CONTENT,RREF,RRE_STEP,RRE_LEVEL,RWRITEDATE,RDELCHK) values (12,8,'ds','dddd',12,0,0,to_date('16/04/14','RR/MM/DD'),'n ');
Insert into SCOTT.REBOARD (REBOARDNUM,BOARDNUM,ID,CONTENT,RREF,RRE_STEP,RRE_LEVEL,RWRITEDATE,RDELCHK) values (13,8,'ds','t',13,0,0,to_date('16/04/14','RR/MM/DD'),'y ');
Insert into SCOTT.REBOARD (REBOARDNUM,BOARDNUM,ID,CONTENT,RREF,RRE_STEP,RRE_LEVEL,RWRITEDATE,RDELCHK) values (14,8,'ds','ddtt',14,0,0,to_date('16/04/14','RR/MM/DD'),'n ');
Insert into SCOTT.REBOARD (REBOARDNUM,BOARDNUM,ID,CONTENT,RREF,RRE_STEP,RRE_LEVEL,RWRITEDATE,RDELCHK) values (15,8,'ds','dddttt',15,0,0,to_date('16/04/14','RR/MM/DD'),'y ');
Insert into SCOTT.REBOARD (REBOARDNUM,BOARDNUM,ID,CONTENT,RREF,RRE_STEP,RRE_LEVEL,RWRITEDATE,RDELCHK) values (16,8,'ds','ddd',16,0,0,to_date('16/04/14','RR/MM/DD'),'n ');
Insert into SCOTT.REBOARD (REBOARDNUM,BOARDNUM,ID,CONTENT,RREF,RRE_STEP,RRE_LEVEL,RWRITEDATE,RDELCHK) values (17,8,'ds','xxxx',17,0,0,to_date('16/04/14','RR/MM/DD'),'n ');
Insert into SCOTT.REBOARD (REBOARDNUM,BOARDNUM,ID,CONTENT,RREF,RRE_STEP,RRE_LEVEL,RWRITEDATE,RDELCHK) values (18,8,'ds','ddd',18,0,0,to_date('16/04/14','RR/MM/DD'),'n ');
Insert into SCOTT.REBOARD (REBOARDNUM,BOARDNUM,ID,CONTENT,RREF,RRE_STEP,RRE_LEVEL,RWRITEDATE,RDELCHK) values (19,8,'ds','d',19,0,0,to_date('16/04/14','RR/MM/DD'),'n ');
Insert into SCOTT.REBOARD (REBOARDNUM,BOARDNUM,ID,CONTENT,RREF,RRE_STEP,RRE_LEVEL,RWRITEDATE,RDELCHK) values (20,8,'ds','d',20,0,0,to_date('16/04/14','RR/MM/DD'),'n ');
Insert into SCOTT.REBOARD (REBOARDNUM,BOARDNUM,ID,CONTENT,RREF,RRE_STEP,RRE_LEVEL,RWRITEDATE,RDELCHK) values (21,8,'ds','t',21,0,0,to_date('16/04/14','RR/MM/DD'),'n ');
Insert into SCOTT.REBOARD (REBOARDNUM,BOARDNUM,ID,CONTENT,RREF,RRE_STEP,RRE_LEVEL,RWRITEDATE,RDELCHK) values (22,8,'ds7','dd',22,0,0,to_date('16/04/14','RR/MM/DD'),'n ');
Insert into SCOTT.REBOARD (REBOARDNUM,BOARDNUM,ID,CONTENT,RREF,RRE_STEP,RRE_LEVEL,RWRITEDATE,RDELCHK) values (23,8,'ds','tdd',23,0,0,to_date('16/04/15','RR/MM/DD'),'n ');
Insert into SCOTT.REBOARD (REBOARDNUM,BOARDNUM,ID,CONTENT,RREF,RRE_STEP,RRE_LEVEL,RWRITEDATE,RDELCHK) values (24,8,'ds','tdd',24,0,0,to_date('16/04/15','RR/MM/DD'),'n ');
Insert into SCOTT.REBOARD (REBOARDNUM,BOARDNUM,ID,CONTENT,RREF,RRE_STEP,RRE_LEVEL,RWRITEDATE,RDELCHK) values (25,8,'ds','tddgg',25,0,0,to_date('16/04/15','RR/MM/DD'),'n ');
Insert into SCOTT.REBOARD (REBOARDNUM,BOARDNUM,ID,CONTENT,RREF,RRE_STEP,RRE_LEVEL,RWRITEDATE,RDELCHK) values (26,8,'ds','tddggdddd',26,0,0,to_date('16/04/15','RR/MM/DD'),'n ');
Insert into SCOTT.REBOARD (REBOARDNUM,BOARDNUM,ID,CONTENT,RREF,RRE_STEP,RRE_LEVEL,RWRITEDATE,RDELCHK) values (27,8,'ds','ddd',27,0,0,to_date('16/04/15','RR/MM/DD'),'n ');
Insert into SCOTT.REBOARD (REBOARDNUM,BOARDNUM,ID,CONTENT,RREF,RRE_STEP,RRE_LEVEL,RWRITEDATE,RDELCHK) values (28,8,'ds','dd',27,1,1,to_date('16/04/15','RR/MM/DD'),'n ');
Insert into SCOTT.REBOARD (REBOARDNUM,BOARDNUM,ID,CONTENT,RREF,RRE_STEP,RRE_LEVEL,RWRITEDATE,RDELCHK) values (29,8,'ds','ttt',27,4,2,to_date('16/04/15','RR/MM/DD'),'n ');
Insert into SCOTT.REBOARD (REBOARDNUM,BOARDNUM,ID,CONTENT,RREF,RRE_STEP,RRE_LEVEL,RWRITEDATE,RDELCHK) values (30,8,'ds','ddddtt',27,2,2,to_date('16/04/15','RR/MM/DD'),'n ');
Insert into SCOTT.REBOARD (REBOARDNUM,BOARDNUM,ID,CONTENT,RREF,RRE_STEP,RRE_LEVEL,RWRITEDATE,RDELCHK) values (31,8,'ds','xxxx',27,3,3,to_date('16/04/15','RR/MM/DD'),'n ');
Insert into SCOTT.REBOARD (REBOARDNUM,BOARDNUM,ID,CONTENT,RREF,RRE_STEP,RRE_LEVEL,RWRITEDATE,RDELCHK) values (32,8,'ds','ddd',10,1,1,to_date('16/04/15','RR/MM/DD'),'n ');
Insert into SCOTT.REBOARD (REBOARDNUM,BOARDNUM,ID,CONTENT,RREF,RRE_STEP,RRE_LEVEL,RWRITEDATE,RDELCHK) values (33,6,'ds','dd',33,0,0,to_date('16/04/15','RR/MM/DD'),'n ');
Insert into SCOTT.REBOARD (REBOARDNUM,BOARDNUM,ID,CONTENT,RREF,RRE_STEP,RRE_LEVEL,RWRITEDATE,RDELCHK) values (34,6,'ds','tt',34,0,0,to_date('16/04/15','RR/MM/DD'),'n ');
Insert into SCOTT.REBOARD (REBOARDNUM,BOARDNUM,ID,CONTENT,RREF,RRE_STEP,RRE_LEVEL,RWRITEDATE,RDELCHK) values (35,8,'ds','dd',35,0,0,to_date('16/04/15','RR/MM/DD'),'n ');
Insert into SCOTT.REBOARD (REBOARDNUM,BOARDNUM,ID,CONTENT,RREF,RRE_STEP,RRE_LEVEL,RWRITEDATE,RDELCHK) values (36,6,'ds','답글',34,1,1,to_date('16/04/15','RR/MM/DD'),'n ');
Insert into SCOTT.REBOARD (REBOARDNUM,BOARDNUM,ID,CONTENT,RREF,RRE_STEP,RRE_LEVEL,RWRITEDATE,RDELCHK) values (37,6,'ds','답글의 답글',34,2,2,to_date('16/04/15','RR/MM/DD'),'n ');
Insert into SCOTT.REBOARD (REBOARDNUM,BOARDNUM,ID,CONTENT,RREF,RRE_STEP,RRE_LEVEL,RWRITEDATE,RDELCHK) values (38,8,'ds3','ggg',38,0,0,to_date('16/04/18','RR/MM/DD'),'y ');
Insert into SCOTT.REBOARD (REBOARDNUM,BOARDNUM,ID,CONTENT,RREF,RRE_STEP,RRE_LEVEL,RWRITEDATE,RDELCHK) values (39,6,'ds3','gggg',39,0,0,to_date('16/04/18','RR/MM/DD'),'n ');
Insert into SCOTT.REBOARD (REBOARDNUM,BOARDNUM,ID,CONTENT,RREF,RRE_STEP,RRE_LEVEL,RWRITEDATE,RDELCHK) values (40,7,'ds3','t',40,0,0,to_date('16/04/18','RR/MM/DD'),'n ');
Insert into SCOTT.REBOARD (REBOARDNUM,BOARDNUM,ID,CONTENT,RREF,RRE_STEP,RRE_LEVEL,RWRITEDATE,RDELCHK) values (41,8,'ds3','ggg',38,1,1,to_date('16/04/18','RR/MM/DD'),'n ');
Insert into SCOTT.REBOARD (REBOARDNUM,BOARDNUM,ID,CONTENT,RREF,RRE_STEP,RRE_LEVEL,RWRITEDATE,RDELCHK) values (42,12,'master','ㅎㅎ',42,0,0,to_date('16/04/18','RR/MM/DD'),'n ');
Insert into SCOTT.REBOARD (REBOARDNUM,BOARDNUM,ID,CONTENT,RREF,RRE_STEP,RRE_LEVEL,RWRITEDATE,RDELCHK) values (43,16,'ds','dd',43,0,0,to_date('16/04/19','RR/MM/DD'),'n ');
Insert into SCOTT.REBOARD (REBOARDNUM,BOARDNUM,ID,CONTENT,RREF,RRE_STEP,RRE_LEVEL,RWRITEDATE,RDELCHK) values (44,16,'ds','ddd',44,0,0,to_date('16/04/19','RR/MM/DD'),'n ');
Insert into SCOTT.REBOARD (REBOARDNUM,BOARDNUM,ID,CONTENT,RREF,RRE_STEP,RRE_LEVEL,RWRITEDATE,RDELCHK) values (45,17,'ds','ddd',45,0,0,to_date('16/04/20','RR/MM/DD'),'n ');
Insert into SCOTT.REBOARD (REBOARDNUM,BOARDNUM,ID,CONTENT,RREF,RRE_STEP,RRE_LEVEL,RWRITEDATE,RDELCHK) values (46,24,'ds','ddtt',46,0,0,to_date('16/04/20','RR/MM/DD'),'y ');
Insert into SCOTT.REBOARD (REBOARDNUM,BOARDNUM,ID,CONTENT,RREF,RRE_STEP,RRE_LEVEL,RWRITEDATE,RDELCHK) values (47,24,'master','dd',47,0,0,to_date('16/04/21','RR/MM/DD'),'w ');
Insert into SCOTT.REBOARD (REBOARDNUM,BOARDNUM,ID,CONTENT,RREF,RRE_STEP,RRE_LEVEL,RWRITEDATE,RDELCHK) values (48,24,'master','ddd',48,0,0,to_date('16/04/21','RR/MM/DD'),'w ');
Insert into SCOTT.REBOARD (REBOARDNUM,BOARDNUM,ID,CONTENT,RREF,RRE_STEP,RRE_LEVEL,RWRITEDATE,RDELCHK) values (49,24,'master','dd',49,0,0,to_date('16/04/21','RR/MM/DD'),'n ');
Insert into SCOTT.REBOARD (REBOARDNUM,BOARDNUM,ID,CONTENT,RREF,RRE_STEP,RRE_LEVEL,RWRITEDATE,RDELCHK) values (50,24,'ds','ddd',50,0,0,to_date('16/04/21','RR/MM/DD'),'n ');
Insert into SCOTT.REBOARD (REBOARDNUM,BOARDNUM,ID,CONTENT,RREF,RRE_STEP,RRE_LEVEL,RWRITEDATE,RDELCHK) values (51,24,'ds','dddd',51,0,0,to_date('16/04/21','RR/MM/DD'),'n ');
REM INSERTING into SCOTT.REPORT
SET DEFINE OFF;
Insert into SCOTT.REPORT (REPORTREANUM,REPREANUM,REPDATE,REPHANDCHK,REPORTERID,REPORTEDID,CONTENT,REBOARDNUM) values (3,2,to_date('16/04/18','RR/MM/DD'),'y ','ds','ds3','ggg',null);
Insert into SCOTT.REPORT (REPORTREANUM,REPREANUM,REPDATE,REPHANDCHK,REPORTERID,REPORTEDID,CONTENT,REBOARDNUM) values (3,1,to_date('16/04/18','RR/MM/DD'),'y ','ds','ds3','ggg',null);
Insert into SCOTT.REPORT (REPORTREANUM,REPREANUM,REPDATE,REPHANDCHK,REPORTERID,REPORTEDID,CONTENT,REBOARDNUM) values (3,3,to_date('16/04/18','RR/MM/DD'),'y ','ds','ds3','ggg',null);
Insert into SCOTT.REPORT (REPORTREANUM,REPREANUM,REPDATE,REPHANDCHK,REPORTERID,REPORTEDID,CONTENT,REBOARDNUM) values (3,4,to_date('16/04/21','RR/MM/DD'),'y ','master','master','dd',47);
Insert into SCOTT.REPORT (REPORTREANUM,REPREANUM,REPDATE,REPHANDCHK,REPORTERID,REPORTEDID,CONTENT,REBOARDNUM) values (3,5,to_date('16/04/21','RR/MM/DD'),'y ','master','master','dd',47);
Insert into SCOTT.REPORT (REPORTREANUM,REPREANUM,REPDATE,REPHANDCHK,REPORTERID,REPORTEDID,CONTENT,REBOARDNUM) values (3,6,to_date('16/04/21','RR/MM/DD'),'y ','master','master','ddd',48);
REM INSERTING into SCOTT.REPORTREASON
SET DEFINE OFF;
Insert into SCOTT.REPORTREASON (REPORTREANUM,REPORTREAVAL) values (1,'욕설');
Insert into SCOTT.REPORTREASON (REPORTREANUM,REPORTREAVAL) values (2,'게시판 성격에 맞지 않음');
Insert into SCOTT.REPORTREASON (REPORTREANUM,REPORTREAVAL) values (3,'도배');
--------------------------------------------------------
--  DDL for Index SYS_C007260
--------------------------------------------------------

  CREATE UNIQUE INDEX "SCOTT"."SYS_C007260" ON "SCOTT"."BOARD4" ("BOARDNUM") 
  PCTFREE 10 INITRANS 2 MAXTRANS 255 
  STORAGE(INITIAL 65536 NEXT 1048576 MINEXTENTS 1 MAXEXTENTS 2147483645
  PCTINCREASE 0 FREELISTS 1 FREELIST GROUPS 1 BUFFER_POOL DEFAULT FLASH_CACHE DEFAULT CELL_FLASH_CACHE DEFAULT)
  TABLESPACE "SYSTEM" ;
--------------------------------------------------------
--  DDL for Index SYS_C007229
--------------------------------------------------------

  CREATE UNIQUE INDEX "SCOTT"."SYS_C007229" ON "SCOTT"."ANIOWN" ("OWNNUM") 
  PCTFREE 10 INITRANS 2 MAXTRANS 255 
  STORAGE(INITIAL 65536 NEXT 1048576 MINEXTENTS 1 MAXEXTENTS 2147483645
  PCTINCREASE 0 FREELISTS 1 FREELIST GROUPS 1 BUFFER_POOL DEFAULT FLASH_CACHE DEFAULT CELL_FLASH_CACHE DEFAULT)
  TABLESPACE "SYSTEM" ;
--------------------------------------------------------
--  DDL for Index SYS_C007200
--------------------------------------------------------

  CREATE UNIQUE INDEX "SCOTT"."SYS_C007200" ON "SCOTT"."ANIINFO" ("ANINUM") 
  PCTFREE 10 INITRANS 2 MAXTRANS 255 
  STORAGE(INITIAL 65536 NEXT 1048576 MINEXTENTS 1 MAXEXTENTS 2147483645
  PCTINCREASE 0 FREELISTS 1 FREELIST GROUPS 1 BUFFER_POOL DEFAULT FLASH_CACHE DEFAULT CELL_FLASH_CACHE DEFAULT)
  TABLESPACE "SYSTEM" ;
--------------------------------------------------------
--  DDL for Index SYS_C007237
--------------------------------------------------------

  CREATE UNIQUE INDEX "SCOTT"."SYS_C007237" ON "SCOTT"."FARMINFO" ("FARMNUM") 
  PCTFREE 10 INITRANS 2 MAXTRANS 255 
  STORAGE(INITIAL 65536 NEXT 1048576 MINEXTENTS 1 MAXEXTENTS 2147483645
  PCTINCREASE 0 FREELISTS 1 FREELIST GROUPS 1 BUFFER_POOL DEFAULT FLASH_CACHE DEFAULT CELL_FLASH_CACHE DEFAULT)
  TABLESPACE "SYSTEM" ;
--------------------------------------------------------
--  DDL for Index SYS_C007247
--------------------------------------------------------

  CREATE UNIQUE INDEX "SCOTT"."SYS_C007247" ON "SCOTT"."ITEMDETAIL" ("ITEMDETAILNUM") 
  PCTFREE 10 INITRANS 2 MAXTRANS 255 
  STORAGE(INITIAL 65536 NEXT 1048576 MINEXTENTS 1 MAXEXTENTS 2147483645
  PCTINCREASE 0 FREELISTS 1 FREELIST GROUPS 1 BUFFER_POOL DEFAULT FLASH_CACHE DEFAULT CELL_FLASH_CACHE DEFAULT)
  TABLESPACE "SYSTEM" ;
--------------------------------------------------------
--  DDL for Index SYS_C007285
--------------------------------------------------------

  CREATE UNIQUE INDEX "SCOTT"."SYS_C007285" ON "SCOTT"."ITEMINFO" ("ITEMNUM") 
  PCTFREE 10 INITRANS 2 MAXTRANS 255 
  STORAGE(INITIAL 65536 NEXT 1048576 MINEXTENTS 1 MAXEXTENTS 2147483645
  PCTINCREASE 0 FREELISTS 1 FREELIST GROUPS 1 BUFFER_POOL DEFAULT FLASH_CACHE DEFAULT CELL_FLASH_CACHE DEFAULT)
  TABLESPACE "SYSTEM" ;
--------------------------------------------------------
--  DDL for Index SYS_C007205
--------------------------------------------------------

  CREATE UNIQUE INDEX "SCOTT"."SYS_C007205" ON "SCOTT"."MAPINFO" ("MAPNUM") 
  PCTFREE 10 INITRANS 2 MAXTRANS 255 
  STORAGE(INITIAL 65536 NEXT 1048576 MINEXTENTS 1 MAXEXTENTS 2147483645
  PCTINCREASE 0 FREELISTS 1 FREELIST GROUPS 1 BUFFER_POOL DEFAULT FLASH_CACHE DEFAULT CELL_FLASH_CACHE DEFAULT)
  TABLESPACE "SYSTEM" ;
--------------------------------------------------------
--  DDL for Index SYS_C007264
--------------------------------------------------------

  CREATE UNIQUE INDEX "SCOTT"."SYS_C007264" ON "SCOTT"."MAPITEMGETINFO" ("ID", "MAPITEMNUM") 
  PCTFREE 10 INITRANS 2 MAXTRANS 255 
  STORAGE(INITIAL 65536 NEXT 1048576 MINEXTENTS 1 MAXEXTENTS 2147483645
  PCTINCREASE 0 FREELISTS 1 FREELIST GROUPS 1 BUFFER_POOL DEFAULT FLASH_CACHE DEFAULT CELL_FLASH_CACHE DEFAULT)
  TABLESPACE "SYSTEM" ;
--------------------------------------------------------
--  DDL for Index SYS_C007242
--------------------------------------------------------

  CREATE UNIQUE INDEX "SCOTT"."SYS_C007242" ON "SCOTT"."MAPITEMINFO" ("MAPITEMNUM") 
  PCTFREE 10 INITRANS 2 MAXTRANS 255 
  STORAGE(INITIAL 65536 NEXT 1048576 MINEXTENTS 1 MAXEXTENTS 2147483645
  PCTINCREASE 0 FREELISTS 1 FREELIST GROUPS 1 BUFFER_POOL DEFAULT FLASH_CACHE DEFAULT CELL_FLASH_CACHE DEFAULT)
  TABLESPACE "SYSTEM" ;
--------------------------------------------------------
--  DDL for Index SYS_C007280
--------------------------------------------------------

  CREATE UNIQUE INDEX "SCOTT"."SYS_C007280" ON "SCOTT"."MEMBER3" ("ID") 
  PCTFREE 10 INITRANS 2 MAXTRANS 255 
  STORAGE(INITIAL 65536 NEXT 1048576 MINEXTENTS 1 MAXEXTENTS 2147483645
  PCTINCREASE 0 FREELISTS 1 FREELIST GROUPS 1 BUFFER_POOL DEFAULT FLASH_CACHE DEFAULT CELL_FLASH_CACHE DEFAULT)
  TABLESPACE "SYSTEM" ;
--------------------------------------------------------
--  DDL for Index SYS_C007342
--------------------------------------------------------

  CREATE UNIQUE INDEX "SCOTT"."SYS_C007342" ON "SCOTT"."MSG" ("MSGNUM") 
  PCTFREE 10 INITRANS 2 MAXTRANS 255 
  STORAGE(INITIAL 65536 NEXT 1048576 MINEXTENTS 1 MAXEXTENTS 2147483645
  PCTINCREASE 0 FREELISTS 1 FREELIST GROUPS 1 BUFFER_POOL DEFAULT FLASH_CACHE DEFAULT CELL_FLASH_CACHE DEFAULT)
  TABLESPACE "SYSTEM" ;
--------------------------------------------------------
--  DDL for Index SYS_C007190
--------------------------------------------------------

  CREATE UNIQUE INDEX "SCOTT"."SYS_C007190" ON "SCOTT"."POINT" ("POINTNUM") 
  PCTFREE 10 INITRANS 2 MAXTRANS 255 
  STORAGE(INITIAL 65536 NEXT 1048576 MINEXTENTS 1 MAXEXTENTS 2147483645
  PCTINCREASE 0 FREELISTS 1 FREELIST GROUPS 1 BUFFER_POOL DEFAULT FLASH_CACHE DEFAULT CELL_FLASH_CACHE DEFAULT)
  TABLESPACE "SYSTEM" ;
--------------------------------------------------------
--  DDL for Index SYS_C007336
--------------------------------------------------------

  CREATE UNIQUE INDEX "SCOTT"."SYS_C007336" ON "SCOTT"."REBOARD" ("REBOARDNUM") 
  PCTFREE 10 INITRANS 2 MAXTRANS 255 
  STORAGE(INITIAL 65536 NEXT 1048576 MINEXTENTS 1 MAXEXTENTS 2147483645
  PCTINCREASE 0 FREELISTS 1 FREELIST GROUPS 1 BUFFER_POOL DEFAULT FLASH_CACHE DEFAULT CELL_FLASH_CACHE DEFAULT)
  TABLESPACE "SYSTEM" ;
--------------------------------------------------------
--  DDL for Index SYS_C007314
--------------------------------------------------------

  CREATE UNIQUE INDEX "SCOTT"."SYS_C007314" ON "SCOTT"."REPORTREASON" ("REPORTREANUM") 
  PCTFREE 10 INITRANS 2 MAXTRANS 255 
  STORAGE(INITIAL 65536 NEXT 1048576 MINEXTENTS 1 MAXEXTENTS 2147483645
  PCTINCREASE 0 FREELISTS 1 FREELIST GROUPS 1 BUFFER_POOL DEFAULT FLASH_CACHE DEFAULT CELL_FLASH_CACHE DEFAULT)
  TABLESPACE "SYSTEM" ;
--------------------------------------------------------
--  Constraints for Table BOARD4
--------------------------------------------------------

  ALTER TABLE "SCOTT"."BOARD4" ADD PRIMARY KEY ("BOARDNUM")
  USING INDEX PCTFREE 10 INITRANS 2 MAXTRANS 255 
  STORAGE(INITIAL 65536 NEXT 1048576 MINEXTENTS 1 MAXEXTENTS 2147483645
  PCTINCREASE 0 FREELISTS 1 FREELIST GROUPS 1 BUFFER_POOL DEFAULT FLASH_CACHE DEFAULT CELL_FLASH_CACHE DEFAULT)
  TABLESPACE "SYSTEM"  ENABLE;
  ALTER TABLE "SCOTT"."BOARD4" MODIFY ("NOTICECHK" NOT NULL ENABLE);
  ALTER TABLE "SCOTT"."BOARD4" MODIFY ("DELCHK" NOT NULL ENABLE);
  ALTER TABLE "SCOTT"."BOARD4" MODIFY ("WRITEDATE" NOT NULL ENABLE);
  ALTER TABLE "SCOTT"."BOARD4" MODIFY ("RE_LEVEL" NOT NULL ENABLE);
  ALTER TABLE "SCOTT"."BOARD4" MODIFY ("RE_STEP" NOT NULL ENABLE);
  ALTER TABLE "SCOTT"."BOARD4" MODIFY ("REF" NOT NULL ENABLE);
  ALTER TABLE "SCOTT"."BOARD4" MODIFY ("READCOUNT" NOT NULL ENABLE);
  ALTER TABLE "SCOTT"."BOARD4" MODIFY ("CONTENT" NOT NULL ENABLE);
  ALTER TABLE "SCOTT"."BOARD4" MODIFY ("SUBJECT" NOT NULL ENABLE);
  ALTER TABLE "SCOTT"."BOARD4" MODIFY ("ID" NOT NULL ENABLE);
  ALTER TABLE "SCOTT"."BOARD4" MODIFY ("ANINUM" NOT NULL ENABLE);
  ALTER TABLE "SCOTT"."BOARD4" MODIFY ("BOARDNUM" NOT NULL ENABLE);
--------------------------------------------------------
--  Constraints for Table ANIOWN
--------------------------------------------------------

  ALTER TABLE "SCOTT"."ANIOWN" ADD PRIMARY KEY ("OWNNUM")
  USING INDEX PCTFREE 10 INITRANS 2 MAXTRANS 255 
  STORAGE(INITIAL 65536 NEXT 1048576 MINEXTENTS 1 MAXEXTENTS 2147483645
  PCTINCREASE 0 FREELISTS 1 FREELIST GROUPS 1 BUFFER_POOL DEFAULT FLASH_CACHE DEFAULT CELL_FLASH_CACHE DEFAULT)
  TABLESPACE "SYSTEM"  ENABLE;
  ALTER TABLE "SCOTT"."ANIOWN" MODIFY ("ANIOWNCHK" NOT NULL ENABLE);
  ALTER TABLE "SCOTT"."ANIOWN" MODIFY ("LEADCHK" NOT NULL ENABLE);
  ALTER TABLE "SCOTT"."ANIOWN" MODIFY ("NOWSTAT2" NOT NULL ENABLE);
  ALTER TABLE "SCOTT"."ANIOWN" MODIFY ("NOWSTAT1" NOT NULL ENABLE);
  ALTER TABLE "SCOTT"."ANIOWN" MODIFY ("ANINUM" NOT NULL ENABLE);
  ALTER TABLE "SCOTT"."ANIOWN" MODIFY ("ID" NOT NULL ENABLE);
  ALTER TABLE "SCOTT"."ANIOWN" MODIFY ("OWNNUM" NOT NULL ENABLE);
--------------------------------------------------------
--  Constraints for Table ANIINFO
--------------------------------------------------------

  ALTER TABLE "SCOTT"."ANIINFO" ADD PRIMARY KEY ("ANINUM")
  USING INDEX PCTFREE 10 INITRANS 2 MAXTRANS 255 
  STORAGE(INITIAL 65536 NEXT 1048576 MINEXTENTS 1 MAXEXTENTS 2147483645
  PCTINCREASE 0 FREELISTS 1 FREELIST GROUPS 1 BUFFER_POOL DEFAULT FLASH_CACHE DEFAULT CELL_FLASH_CACHE DEFAULT)
  TABLESPACE "SYSTEM"  ENABLE;
  ALTER TABLE "SCOTT"."ANIINFO" MODIFY ("ANIMAXSTAT1" NOT NULL ENABLE);
  ALTER TABLE "SCOTT"."ANIINFO" MODIFY ("ANIHELLO3" NOT NULL ENABLE);
  ALTER TABLE "SCOTT"."ANIINFO" MODIFY ("ANIHELLO2" NOT NULL ENABLE);
  ALTER TABLE "SCOTT"."ANIINFO" MODIFY ("ANIHELLO1" NOT NULL ENABLE);
  ALTER TABLE "SCOTT"."ANIINFO" MODIFY ("ANIPIC2" NOT NULL ENABLE);
  ALTER TABLE "SCOTT"."ANIINFO" MODIFY ("ANIPIC1" NOT NULL ENABLE);
  ALTER TABLE "SCOTT"."ANIINFO" MODIFY ("ANINAME2" NOT NULL ENABLE);
  ALTER TABLE "SCOTT"."ANIINFO" MODIFY ("ANINAME1" NOT NULL ENABLE);
  ALTER TABLE "SCOTT"."ANIINFO" MODIFY ("ANINUM" NOT NULL ENABLE);
--------------------------------------------------------
--  Constraints for Table FARMINFO
--------------------------------------------------------

  ALTER TABLE "SCOTT"."FARMINFO" ADD PRIMARY KEY ("FARMNUM")
  USING INDEX PCTFREE 10 INITRANS 2 MAXTRANS 255 
  STORAGE(INITIAL 65536 NEXT 1048576 MINEXTENTS 1 MAXEXTENTS 2147483645
  PCTINCREASE 0 FREELISTS 1 FREELIST GROUPS 1 BUFFER_POOL DEFAULT FLASH_CACHE DEFAULT CELL_FLASH_CACHE DEFAULT)
  TABLESPACE "SYSTEM"  ENABLE;
  ALTER TABLE "SCOTT"."FARMINFO" MODIFY ("FARMBGCOL" NOT NULL ENABLE);
  ALTER TABLE "SCOTT"."FARMINFO" MODIFY ("FARMPOP" NOT NULL ENABLE);
  ALTER TABLE "SCOTT"."FARMINFO" MODIFY ("FARMCOUNT" NOT NULL ENABLE);
  ALTER TABLE "SCOTT"."FARMINFO" MODIFY ("FARMNAME" NOT NULL ENABLE);
  ALTER TABLE "SCOTT"."FARMINFO" MODIFY ("FARMHELLO" NOT NULL ENABLE);
  ALTER TABLE "SCOTT"."FARMINFO" MODIFY ("ID" NOT NULL ENABLE);
  ALTER TABLE "SCOTT"."FARMINFO" MODIFY ("FARMNUM" NOT NULL ENABLE);
--------------------------------------------------------
--  Constraints for Table ITEMDETAIL
--------------------------------------------------------

  ALTER TABLE "SCOTT"."ITEMDETAIL" ADD PRIMARY KEY ("ITEMDETAILNUM")
  USING INDEX PCTFREE 10 INITRANS 2 MAXTRANS 255 
  STORAGE(INITIAL 65536 NEXT 1048576 MINEXTENTS 1 MAXEXTENTS 2147483645
  PCTINCREASE 0 FREELISTS 1 FREELIST GROUPS 1 BUFFER_POOL DEFAULT FLASH_CACHE DEFAULT CELL_FLASH_CACHE DEFAULT)
  TABLESPACE "SYSTEM"  ENABLE;
  ALTER TABLE "SCOTT"."ITEMDETAIL" MODIFY ("ITEMUSECHK" NOT NULL ENABLE);
  ALTER TABLE "SCOTT"."ITEMDETAIL" MODIFY ("ID" NOT NULL ENABLE);
  ALTER TABLE "SCOTT"."ITEMDETAIL" MODIFY ("ITEMNUM" NOT NULL ENABLE);
  ALTER TABLE "SCOTT"."ITEMDETAIL" MODIFY ("ITEMDETAILNUM" NOT NULL ENABLE);
--------------------------------------------------------
--  Constraints for Table ITEMINFO
--------------------------------------------------------

  ALTER TABLE "SCOTT"."ITEMINFO" ADD PRIMARY KEY ("ITEMNUM")
  USING INDEX PCTFREE 10 INITRANS 2 MAXTRANS 255 
  STORAGE(INITIAL 65536 NEXT 1048576 MINEXTENTS 1 MAXEXTENTS 2147483645
  PCTINCREASE 0 FREELISTS 1 FREELIST GROUPS 1 BUFFER_POOL DEFAULT FLASH_CACHE DEFAULT CELL_FLASH_CACHE DEFAULT)
  TABLESPACE "SYSTEM"  ENABLE;
  ALTER TABLE "SCOTT"."ITEMINFO" MODIFY ("ITEMSTAT" NOT NULL ENABLE);
  ALTER TABLE "SCOTT"."ITEMINFO" MODIFY ("ITEMNAME" NOT NULL ENABLE);
  ALTER TABLE "SCOTT"."ITEMINFO" MODIFY ("ITEMPIC" NOT NULL ENABLE);
  ALTER TABLE "SCOTT"."ITEMINFO" MODIFY ("ITEMNUM" NOT NULL ENABLE);
--------------------------------------------------------
--  Constraints for Table MAPINFO
--------------------------------------------------------

  ALTER TABLE "SCOTT"."MAPINFO" ADD PRIMARY KEY ("MAPNUM")
  USING INDEX PCTFREE 10 INITRANS 2 MAXTRANS 255 
  STORAGE(INITIAL 65536 NEXT 1048576 MINEXTENTS 1 MAXEXTENTS 2147483645
  PCTINCREASE 0 FREELISTS 1 FREELIST GROUPS 1 BUFFER_POOL DEFAULT FLASH_CACHE DEFAULT CELL_FLASH_CACHE DEFAULT)
  TABLESPACE "SYSTEM"  ENABLE;
  ALTER TABLE "SCOTT"."MAPINFO" MODIFY ("Y" NOT NULL ENABLE);
  ALTER TABLE "SCOTT"."MAPINFO" MODIFY ("X" NOT NULL ENABLE);
  ALTER TABLE "SCOTT"."MAPINFO" MODIFY ("ID" NOT NULL ENABLE);
  ALTER TABLE "SCOTT"."MAPINFO" MODIFY ("MAPNUM" NOT NULL ENABLE);
--------------------------------------------------------
--  Constraints for Table MAPITEMGETINFO
--------------------------------------------------------

  ALTER TABLE "SCOTT"."MAPITEMGETINFO" MODIFY ("MAPITEMGETCHK" NOT NULL ENABLE);
  ALTER TABLE "SCOTT"."MAPITEMGETINFO" MODIFY ("MAPITEMNUM" NOT NULL ENABLE);
  ALTER TABLE "SCOTT"."MAPITEMGETINFO" MODIFY ("ID" NOT NULL ENABLE);
  ALTER TABLE "SCOTT"."MAPITEMGETINFO" ADD PRIMARY KEY ("ID", "MAPITEMNUM")
  USING INDEX PCTFREE 10 INITRANS 2 MAXTRANS 255 
  STORAGE(INITIAL 65536 NEXT 1048576 MINEXTENTS 1 MAXEXTENTS 2147483645
  PCTINCREASE 0 FREELISTS 1 FREELIST GROUPS 1 BUFFER_POOL DEFAULT FLASH_CACHE DEFAULT CELL_FLASH_CACHE DEFAULT)
  TABLESPACE "SYSTEM"  ENABLE;
--------------------------------------------------------
--  Constraints for Table MAPITEMINFO
--------------------------------------------------------

  ALTER TABLE "SCOTT"."MAPITEMINFO" ADD PRIMARY KEY ("MAPITEMNUM")
  USING INDEX PCTFREE 10 INITRANS 2 MAXTRANS 255 
  STORAGE(INITIAL 65536 NEXT 1048576 MINEXTENTS 1 MAXEXTENTS 2147483645
  PCTINCREASE 0 FREELISTS 1 FREELIST GROUPS 1 BUFFER_POOL DEFAULT FLASH_CACHE DEFAULT CELL_FLASH_CACHE DEFAULT)
  TABLESPACE "SYSTEM"  ENABLE;
  ALTER TABLE "SCOTT"."MAPITEMINFO" MODIFY ("MAPITEMNUM" NOT NULL ENABLE);
--------------------------------------------------------
--  Constraints for Table MEMBER3
--------------------------------------------------------

  ALTER TABLE "SCOTT"."MEMBER3" ADD PRIMARY KEY ("ID")
  USING INDEX PCTFREE 10 INITRANS 2 MAXTRANS 255 
  STORAGE(INITIAL 65536 NEXT 1048576 MINEXTENTS 1 MAXEXTENTS 2147483645
  PCTINCREASE 0 FREELISTS 1 FREELIST GROUPS 1 BUFFER_POOL DEFAULT FLASH_CACHE DEFAULT CELL_FLASH_CACHE DEFAULT)
  TABLESPACE "SYSTEM"  ENABLE;
  ALTER TABLE "SCOTT"."MEMBER3" MODIFY ("NICKNAME" NOT NULL ENABLE);
  ALTER TABLE "SCOTT"."MEMBER3" MODIFY ("PASSWD" NOT NULL ENABLE);
  ALTER TABLE "SCOTT"."MEMBER3" MODIFY ("ID" NOT NULL ENABLE);
--------------------------------------------------------
--  Constraints for Table MSG
--------------------------------------------------------

  ALTER TABLE "SCOTT"."MSG" ADD PRIMARY KEY ("MSGNUM")
  USING INDEX PCTFREE 10 INITRANS 2 MAXTRANS 255 
  STORAGE(INITIAL 65536 NEXT 1048576 MINEXTENTS 1 MAXEXTENTS 2147483645
  PCTINCREASE 0 FREELISTS 1 FREELIST GROUPS 1 BUFFER_POOL DEFAULT FLASH_CACHE DEFAULT CELL_FLASH_CACHE DEFAULT)
  TABLESPACE "SYSTEM"  ENABLE;
  ALTER TABLE "SCOTT"."MSG" MODIFY ("RECEIVEID" NOT NULL ENABLE);
  ALTER TABLE "SCOTT"."MSG" MODIFY ("SENDID" NOT NULL ENABLE);
  ALTER TABLE "SCOTT"."MSG" MODIFY ("MSGNUM" NOT NULL ENABLE);
--------------------------------------------------------
--  Constraints for Table POINT
--------------------------------------------------------

  ALTER TABLE "SCOTT"."POINT" ADD PRIMARY KEY ("POINTNUM")
  USING INDEX PCTFREE 10 INITRANS 2 MAXTRANS 255 
  STORAGE(INITIAL 65536 NEXT 1048576 MINEXTENTS 1 MAXEXTENTS 2147483645
  PCTINCREASE 0 FREELISTS 1 FREELIST GROUPS 1 BUFFER_POOL DEFAULT FLASH_CACHE DEFAULT CELL_FLASH_CACHE DEFAULT)
  TABLESPACE "SYSTEM"  ENABLE;
  ALTER TABLE "SCOTT"."POINT" MODIFY ("ID" NOT NULL ENABLE);
  ALTER TABLE "SCOTT"."POINT" MODIFY ("POINTNUM" NOT NULL ENABLE);
--------------------------------------------------------
--  Constraints for Table REBOARD
--------------------------------------------------------

  ALTER TABLE "SCOTT"."REBOARD" ADD PRIMARY KEY ("REBOARDNUM")
  USING INDEX PCTFREE 10 INITRANS 2 MAXTRANS 255 
  STORAGE(INITIAL 65536 NEXT 1048576 MINEXTENTS 1 MAXEXTENTS 2147483645
  PCTINCREASE 0 FREELISTS 1 FREELIST GROUPS 1 BUFFER_POOL DEFAULT FLASH_CACHE DEFAULT CELL_FLASH_CACHE DEFAULT)
  TABLESPACE "SYSTEM"  ENABLE;
  ALTER TABLE "SCOTT"."REBOARD" MODIFY ("RDELCHK" NOT NULL ENABLE);
  ALTER TABLE "SCOTT"."REBOARD" MODIFY ("RWRITEDATE" NOT NULL ENABLE);
  ALTER TABLE "SCOTT"."REBOARD" MODIFY ("RRE_LEVEL" NOT NULL ENABLE);
  ALTER TABLE "SCOTT"."REBOARD" MODIFY ("RRE_STEP" NOT NULL ENABLE);
  ALTER TABLE "SCOTT"."REBOARD" MODIFY ("RREF" NOT NULL ENABLE);
  ALTER TABLE "SCOTT"."REBOARD" MODIFY ("CONTENT" NOT NULL ENABLE);
  ALTER TABLE "SCOTT"."REBOARD" MODIFY ("ID" NOT NULL ENABLE);
  ALTER TABLE "SCOTT"."REBOARD" MODIFY ("BOARDNUM" NOT NULL ENABLE);
  ALTER TABLE "SCOTT"."REBOARD" MODIFY ("REBOARDNUM" NOT NULL ENABLE);
--------------------------------------------------------
--  Constraints for Table REPORT
--------------------------------------------------------

  ALTER TABLE "SCOTT"."REPORT" MODIFY ("REPHANDCHK" NOT NULL ENABLE);
  ALTER TABLE "SCOTT"."REPORT" MODIFY ("REPDATE" NOT NULL ENABLE);
  ALTER TABLE "SCOTT"."REPORT" MODIFY ("REPREANUM" NOT NULL ENABLE);
  ALTER TABLE "SCOTT"."REPORT" MODIFY ("REPORTREANUM" NOT NULL ENABLE);
--------------------------------------------------------
--  Constraints for Table REPORTREASON
--------------------------------------------------------

  ALTER TABLE "SCOTT"."REPORTREASON" ADD PRIMARY KEY ("REPORTREANUM")
  USING INDEX PCTFREE 10 INITRANS 2 MAXTRANS 255 
  STORAGE(INITIAL 65536 NEXT 1048576 MINEXTENTS 1 MAXEXTENTS 2147483645
  PCTINCREASE 0 FREELISTS 1 FREELIST GROUPS 1 BUFFER_POOL DEFAULT FLASH_CACHE DEFAULT CELL_FLASH_CACHE DEFAULT)
  TABLESPACE "SYSTEM"  ENABLE;
  ALTER TABLE "SCOTT"."REPORTREASON" MODIFY ("REPORTREAVAL" NOT NULL ENABLE);
  ALTER TABLE "SCOTT"."REPORTREASON" MODIFY ("REPORTREANUM" NOT NULL ENABLE);
--------------------------------------------------------
--  Ref Constraints for Table BOARD4
--------------------------------------------------------

  ALTER TABLE "SCOTT"."BOARD4" ADD FOREIGN KEY ("ANINUM")
	  REFERENCES "SCOTT"."ANIINFO" ("ANINUM") ENABLE;
  ALTER TABLE "SCOTT"."BOARD4" ADD FOREIGN KEY ("ID")
	  REFERENCES "SCOTT"."MEMBER3" ("ID") ENABLE;
--------------------------------------------------------
--  Ref Constraints for Table ANIOWN
--------------------------------------------------------

  ALTER TABLE "SCOTT"."ANIOWN" ADD FOREIGN KEY ("ANINUM")
	  REFERENCES "SCOTT"."ANIINFO" ("ANINUM") ENABLE;
  ALTER TABLE "SCOTT"."ANIOWN" ADD FOREIGN KEY ("ID")
	  REFERENCES "SCOTT"."MEMBER3" ("ID") ENABLE;
--------------------------------------------------------
--  Ref Constraints for Table FARMINFO
--------------------------------------------------------

  ALTER TABLE "SCOTT"."FARMINFO" ADD FOREIGN KEY ("ID")
	  REFERENCES "SCOTT"."MEMBER3" ("ID") ENABLE;
--------------------------------------------------------
--  Ref Constraints for Table ITEMDETAIL
--------------------------------------------------------

  ALTER TABLE "SCOTT"."ITEMDETAIL" ADD FOREIGN KEY ("ID")
	  REFERENCES "SCOTT"."MEMBER3" ("ID") ENABLE;
  ALTER TABLE "SCOTT"."ITEMDETAIL" ADD FOREIGN KEY ("ITEMNUM")
	  REFERENCES "SCOTT"."ITEMINFO" ("ITEMNUM") ENABLE;
--------------------------------------------------------
--  Ref Constraints for Table MAPINFO
--------------------------------------------------------

  ALTER TABLE "SCOTT"."MAPINFO" ADD FOREIGN KEY ("ID")
	  REFERENCES "SCOTT"."MEMBER3" ("ID") ENABLE;
--------------------------------------------------------
--  Ref Constraints for Table MAPITEMGETINFO
--------------------------------------------------------

  ALTER TABLE "SCOTT"."MAPITEMGETINFO" ADD FOREIGN KEY ("MAPITEMNUM")
	  REFERENCES "SCOTT"."MAPITEMINFO" ("MAPITEMNUM") ENABLE;
  ALTER TABLE "SCOTT"."MAPITEMGETINFO" ADD FOREIGN KEY ("ID")
	  REFERENCES "SCOTT"."MEMBER3" ("ID") ENABLE;
--------------------------------------------------------
--  Ref Constraints for Table REBOARD
--------------------------------------------------------

  ALTER TABLE "SCOTT"."REBOARD" ADD FOREIGN KEY ("ID")
	  REFERENCES "SCOTT"."MEMBER3" ("ID") ENABLE;
  ALTER TABLE "SCOTT"."REBOARD" ADD FOREIGN KEY ("BOARDNUM")
	  REFERENCES "SCOTT"."BOARD4" ("BOARDNUM") ENABLE;
--------------------------------------------------------
--  Ref Constraints for Table REPORT
--------------------------------------------------------

  ALTER TABLE "SCOTT"."REPORT" ADD FOREIGN KEY ("REPORTREANUM")
	  REFERENCES "SCOTT"."REPORTREASON" ("REPORTREANUM") ENABLE;
  ALTER TABLE "SCOTT"."REPORT" ADD FOREIGN KEY ("REBOARDNUM")
	  REFERENCES "SCOTT"."REBOARD" ("REBOARDNUM") ENABLE;
